user_id,amount,latitude,longitude,transaction_time,locality,is_fraud
user_0082,95071.43,12.957404275331259,77.73750340613825,2025-06-16 23:34:04,Whitefield,0
user_0004,446470.59,12.922037422448607,77.59411483167665,2025-06-13 16:35:04,BTM Layout,1
user_0032,93855.27,12.91353423305251,77.58239115350824,2025-06-23 03:05:04,Jayanagar,0
user_0018,52475.64,12.962276725772902,77.75393073494494,2025-06-05 17:38:04,Whitefield,0
user_0087,216858.57,12.823447078721903,77.6798661624985,2025-06-24 16:29:04,Electronic City,1
user_0012,98323.09,13.048770825467976,77.60349756895812,2025-06-16 21:44:04,Hebbal,0
user_0055,1326.5,12.988379532723409,77.65231341795014,2025-06-18 17:06:04,Indiranagar,0
user_0004,9767.21,12.956179756210622,77.74972619495897,2025-06-08 12:15:04,Whitefield,0
user_0028,463728.25,12.91354904820858,77.60300221298442,2025-06-06 09:27:04,Jayanagar,1
user_0065,20794.17,13.018910388917318,77.60933458647189,2025-05-27 12:21:04,Hebbal,0
user_0004,39515.02,12.841727927164364,77.69080267513597,2025-06-01 08:55:04,Electronic City,0
user_0026,178393.95,12.854818811688265,77.6880156341866,2025-06-24 02:42:04,Electronic City,1
user_0054,53969.21,12.91983795771869,77.58590574809685,2025-06-10 01:07:04,Jayanagar,0
user_0058,14092.42,13.033039692998427,77.59321194660092,2025-05-27 12:04:04,Hebbal,0
user_0036,1407.98,12.979054318697212,77.64945251056004,2025-06-09 12:56:04,Indiranagar,0
user_0098,7404.47,12.940644217135205,77.6394535018214,2025-06-06 04:04:04,Koramangala,0
user_0090,44945.07,13.004544801881018,77.57558436946536,2025-06-08 10:19:04,Malleshwaram,0
user_0044,59129.78,12.930553612345093,77.60909873604187,2025-06-17 04:53:04,BTM Layout,0
user_0020,71324.48,12.927208187299803,77.60356458306143,2025-06-12 17:26:04,Jayanagar,0
user_0098,52273.28,12.977478047596824,77.55381392799517,2025-06-09 21:00:04,Rajajinagar,0
user_0014,89576.36,12.972080200791941,77.75694562473608,2025-05-26 23:35:04,Whitefield,0
user_0049,341767.35,12.979009050037586,77.74012696091862,2025-06-23 15:40:04,Whitefield,1
user_0046,215901.29,13.006984600084417,77.56710343710142,2025-06-09 07:59:04,Rajajinagar,1
user_0078,87146.06,12.906453709449256,77.60709134947281,2025-06-04 04:15:04,BTM Layout,0
user_0006,32434.5,12.970273560357603,77.69534156666565,2025-06-17 17:08:04,Marathahalli,0
user_0069,191174.84,12.981259991564773,77.76289930029752,2025-06-20 02:42:04,Whitefield,1
user_0049,304299.41,12.969253332301223,77.75683463181586,2025-06-04 10:58:04,Whitefield,1
user_0071,24412.55,12.910228934487234,77.61077713952228,2025-06-19 06:24:04,BTM Layout,0
user_0081,36362.96,13.0524647673853,77.58805521786758,2025-05-28 11:45:04,Hebbal,0
user_0047,30087.83,13.053736594055819,77.58859571222614,2025-06-10 20:58:04,Hebbal,0
user_0025,41103.7,12.961823296008525,77.76461228417898,2025-06-24 05:24:04,Whitefield,0
user_0006,14489.49,12.926906057263832,77.59714042248214,2025-05-29 00:59:04,Jayanagar,0
user_0099,247862.41,12.92482401256259,77.6053354282061,2025-06-16 00:10:04,BTM Layout,1
user_0011,63352.97,12.936402950386285,77.60455117567513,2025-05-31 17:20:04,Jayanagar,0
user_0013,50819.88,13.022113830804098,77.56322824883611,2025-06-13 21:50:04,Malleshwaram,0
user_0036,71114.95,12.946143991899024,77.70713145190665,2025-06-03 20:12:04,Marathahalli,0
user_0082,69093.77,12.992139688307297,77.56816973354621,2025-06-20 19:39:04,Rajajinagar,0
user_0021,73521.61,13.005097814536251,77.54727717577352,2025-06-09 14:20:04,Rajajinagar,0
user_0046,81722.22,12.925599491577335,77.58518123152543,2025-05-26 16:02:04,Jayanagar,0
user_0086,96541.94,12.931029479537418,77.61489644891076,2025-06-10 06:46:04,BTM Layout,0
user_0090,34920.96,12.982292293413993,77.76274051502263,2025-06-14 07:07:04,Whitefield,0
user_0078,88777.01,12.920214052792614,77.61230644014755,2025-06-04 11:19:04,Koramangala,0
user_0069,60642.91,12.940860664593075,77.61086896709028,2025-06-23 01:01:04,Jayanagar,0
user_0021,30536.39,12.962915142259195,77.70737608142352,2025-06-16 12:09:04,Marathahalli,0
user_0049,71217.92,12.916379953700305,77.59852604357555,2025-06-08 14:50:04,BTM Layout,0
user_0082,74417.05,12.84387974386668,77.67806157129137,2025-06-01 05:12:04,Electronic City,0
user_0029,247086.95,12.982507633102903,77.55923858910128,2025-06-11 01:08:04,Rajajinagar,1
user_0099,48674.22,12.976325716252154,77.65182383075826,2025-06-20 17:23:04,Indiranagar,0
user_0030,57690.39,12.984723155498086,77.6314769466033,2025-05-26 16:59:04,Indiranagar,0
user_0041,57200.42,12.997564348807462,77.58537238141813,2025-05-27 17:31:04,Malleshwaram,0
user_0035,91486.44,12.95233897717221,77.76533490315632,2025-06-02 03:43:04,Whitefield,0
user_0028,96665.48,13.048521061458283,77.58959275286736,2025-06-24 07:59:04,Hebbal,0
user_0092,85113.67,12.97958982870941,77.55804689234084,2025-06-11 02:00:04,Rajajinagar,0
user_0028,69602.98,12.940519500210794,77.69141058441856,2025-05-31 17:55:04,Marathahalli,0
user_0051,35864.68,12.948623084267348,77.69550543294552,2025-06-13 08:00:04,Marathahalli,0
user_0019,13662.13,12.911536618061973,77.60266186826179,2025-06-16 02:45:04,BTM Layout,0
user_0018,81011.34,12.92901851210327,77.57872231280722,2025-06-04 06:26:04,Jayanagar,0
user_0096,351158.14,12.82273841142342,77.67188049827799,2025-06-23 04:10:04,Electronic City,1
user_0069,454646.97,12.91944197821649,77.60788285127994,2025-06-15 12:15:04,BTM Layout,1
user_0096,32815.27,13.039073270651135,77.58008109008789,2025-06-09 01:41:04,Hebbal,0
user_0055,429040.4,13.037136303682763,77.59075319790256,2025-06-04 03:49:04,Hebbal,1
user_0052,27154.29,12.976557566306083,77.53984438634842,2025-06-09 19:32:04,Rajajinagar,0
user_0029,54063.51,12.922167679006048,77.61126560080154,2025-05-28 05:24:04,Koramangala,0
user_0066,71459.51,12.966637340352024,77.69364170274818,2025-06-06 14:00:04,Marathahalli,0
user_0012,7845.64,12.960224636912843,77.62609632312135,2025-06-07 05:42:04,Indiranagar,0
user_0015,68849.99,12.950162656851404,77.62242260287319,2025-06-24 01:37:04,Koramangala,0
user_0081,9387.33,12.940972878440279,77.61656968998003,2025-06-10 21:22:04,Koramangala,0
user_0088,73789.69,13.006881906258663,77.57778970510134,2025-06-18 02:36:04,Malleshwaram,0
user_0077,326415.32,12.979091751728445,77.73240066625692,2025-06-22 09:12:04,Whitefield,1
user_0050,118402.01,13.002404083221307,77.58677965868907,2025-06-15 14:02:04,Malleshwaram,1
user_0077,1716.11,12.967059927100928,77.69636141697619,2025-05-31 08:11:04,Marathahalli,0
user_0068,64977.37,12.92077477830819,77.61496823967092,2025-05-28 23:29:04,BTM Layout,0
user_0071,249845.67,12.987219326417279,77.64123747329424,2025-06-08 15:29:04,Indiranagar,1
user_0088,68396.38,12.954324999906321,77.75503222624167,2025-06-05 14:35:04,Whitefield,0
user_0088,334310.65,12.840919790193725,77.67157008743087,2025-06-24 05:27:04,Electronic City,1
user_0097,45825.29,12.928154575702486,77.61463836649015,2025-05-31 03:52:04,BTM Layout,0
user_0099,65148.48,12.980537518370786,77.54048148831983,2025-06-12 16:48:04,Rajajinagar,0
user_0015,107289.71,12.920861401237403,77.6042100617978,2025-06-05 23:36:04,BTM Layout,1
user_0056,38539.66,12.918020610296786,77.63583219757076,2025-06-14 04:33:04,Koramangala,0
user_0059,11816.48,12.966134652412729,77.65693506853533,2025-06-08 02:46:04,Indiranagar,0
user_0093,267178.99,12.90874539000257,77.59847619977585,2025-06-08 11:10:04,BTM Layout,1
user_0065,80683.47,12.932051087456268,77.61988803912766,2025-06-12 15:52:04,Koramangala,0
user_0065,34080.35,12.972029430347522,77.74048006701946,2025-06-19 17:01:04,Whitefield,0
user_0081,73990.88,12.90229815743553,77.62460641105152,2025-06-22 19:04:04,BTM Layout,0
user_0082,82645.75,12.823785040978807,77.65950938006297,2025-06-24 08:00:04,Electronic City,0
user_0078,84714.31,12.91848877973299,77.6100184492631,2025-06-21 18:58:04,Jayanagar,0
user_0020,57343.79,12.976483222025054,77.54128663593724,2025-06-21 00:12:04,Rajajinagar,0
user_0098,55370.31,12.944294577637393,77.63500735292706,2025-06-09 13:26:04,Koramangala,0
user_0070,9120.61,12.855290025532772,77.6934713961092,2025-06-09 20:33:04,Electronic City,0
user_0001,394814.49,13.030427568019896,77.5832006132046,2025-06-18 14:54:04,Hebbal,1
user_0042,404604.49,12.969220493885075,77.7140975050005,2025-05-31 07:11:04,Marathahalli,1
user_0003,22257.64,12.983922411127091,77.73716503861952,2025-06-05 16:09:04,Whitefield,0
user_0047,23322.81,12.912069217865087,77.60543845575016,2025-06-05 04:03:04,BTM Layout,0
user_0031,94724.86,12.97491130590347,77.63580245934055,2025-05-30 01:38:04,Indiranagar,0
user_0031,48166.7,13.043190427542221,77.58794501457406,2025-05-29 09:09:04,Hebbal,0
user_0011,43445.18,12.95219112233396,77.74877065376555,2025-06-10 11:26:04,Whitefield,0
user_0094,147528.05,12.967632084752314,77.71070042007003,2025-06-15 17:02:04,Marathahalli,1
user_0009,23750.65,12.833690831694549,77.66787791301917,2025-06-24 11:14:04,Electronic City,0
user_0099,22359.58,12.917619981069903,77.6414325703318,2025-06-23 08:33:04,Koramangala,0
user_0017,456457.35,12.9713024623504,77.71700326901905,2025-06-05 17:09:04,Marathahalli,1
user_0071,69541.11,12.939863013986857,77.63155400681025,2025-06-20 12:28:04,Koramangala,0
user_0034,62755.81,12.834027093022675,77.68414416957994,2025-05-27 11:17:04,Electronic City,0
user_0078,95870.24,13.023263559779853,77.56790204514543,2025-06-17 03:55:04,Malleshwaram,0
user_0028,27738.12,12.832915395604543,77.6786146346613,2025-05-30 11:31:04,Electronic City,0
user_0097,489757.95,12.92331498547131,77.57694652076071,2025-06-10 19:39:04,Jayanagar,1
user_0092,41120.67,12.908346221351897,77.59688144595401,2025-05-31 03:11:04,BTM Layout,0
user_0052,476212.79,12.995587034087777,77.55305380310956,2025-06-21 11:34:04,Rajajinagar,1
user_0057,86606.39,12.826121955356289,77.67240198618326,2025-06-04 07:10:04,Electronic City,0
user_0058,48037.01,12.965507778617333,77.76683385217349,2025-06-08 06:25:04,Whitefield,0
user_0032,83832.87,12.908308896131027,77.58060548175858,2025-06-12 07:21:04,Jayanagar,0
user_0009,130144.55,13.002775712040723,77.57400784408237,2025-06-15 22:55:04,Rajajinagar,1
user_0003,55543.17,13.043948498885472,77.60626418746098,2025-06-08 11:34:04,Hebbal,0
user_0071,24108.48,12.91604297079322,77.58568222691986,2025-05-28 21:33:04,Jayanagar,0
user_0076,87822.07,12.90867194478527,77.58546387322613,2025-05-26 02:35:04,Jayanagar,0
user_0001,299266.58,12.981741314957207,77.74297305368545,2025-05-25 20:53:04,Whitefield,1
user_0091,96797.38,12.982115958179087,77.6444416539509,2025-06-07 22:53:04,Indiranagar,0
user_0030,42053.58,12.974135479328051,77.75725422587745,2025-06-23 22:46:04,Whitefield,0
user_0005,13637.15,13.008813972075401,77.55989505764114,2025-06-15 18:07:04,Rajajinagar,0
user_0010,55481.56,12.832731728541381,77.67610412573549,2025-06-17 17:29:04,Electronic City,0
user_0031,39654.28,12.91745053246901,77.61722222960337,2025-06-21 10:44:04,BTM Layout,0
user_0086,45934.68,12.955715902453317,77.69318808606482,2025-06-11 00:42:04,Marathahalli,0
user_0028,98003.26,12.832701384080195,77.66511822670553,2025-06-14 19:50:04,Electronic City,0
user_0017,34156.32,13.022426296285069,77.58359624644892,2025-06-20 11:24:04,Hebbal,0
user_0074,13882.72,12.944470892697272,77.70898113391809,2025-06-08 02:27:04,Marathahalli,0
user_0032,87431.76,12.96203811670346,77.69009170707032,2025-06-01 14:24:04,Marathahalli,0
user_0053,4086.86,12.9194173919936,77.5883088005219,2025-06-09 21:10:04,Jayanagar,0
user_0013,319486.57,12.96461050393773,77.76410602749174,2025-05-28 15:14:04,Whitefield,1
user_0085,232040.48,12.99259863566995,77.58028956392465,2025-06-13 12:16:04,Malleshwaram,1
user_0046,8175.9,13.004777872621336,77.55157549637418,2025-06-11 10:36:04,Malleshwaram,0
user_0053,8451.7,12.944631388084915,77.69142610174185,2025-06-14 23:20:04,Marathahalli,0
user_0094,48452.3,12.966876167191703,77.63984989968047,2025-06-04 21:19:04,Indiranagar,0
user_0087,3668.32,12.976544702897417,77.7623122764913,2025-06-21 06:12:04,Whitefield,0
user_0008,3047.22,13.003944024172725,77.56579419216231,2025-05-27 17:37:04,Malleshwaram,0
user_0094,394962.35,12.974205268388387,77.5495884383994,2025-06-17 16:31:04,Rajajinagar,1
user_0014,32749.74,12.9390730551618,77.59717270102898,2025-06-21 14:26:04,Jayanagar,0
user_0025,78917.12,12.928034215665376,77.60233414325748,2025-06-06 06:04:04,Jayanagar,0
user_0069,58653.54,12.94257947037101,77.69410814074949,2025-06-08 15:43:04,Marathahalli,0
user_0018,64591.72,12.999987501097825,77.56943685397654,2025-05-31 20:09:04,Malleshwaram,0
user_0024,93369.18,12.906702082800452,77.60524799350178,2025-06-05 20:53:04,BTM Layout,0
user_0060,85081.75,12.91322967910972,77.6080978531397,2025-06-17 11:09:04,Jayanagar,0
user_0010,309805.03,12.973383013221932,77.68791941989794,2025-06-21 19:34:04,Marathahalli,1
user_0071,96947.04,12.981226020574749,77.74117577755116,2025-06-09 07:08:04,Whitefield,0
user_0007,66864.32,12.8460723340842,77.67686258493856,2025-05-29 04:50:04,Electronic City,0
user_0002,83858.26,12.986664651045198,77.75750189112925,2025-06-20 07:49:04,Whitefield,0
user_0097,73624.72,12.911120245936548,77.59778630783573,2025-05-28 16:47:04,Jayanagar,0
user_0022,58123.82,13.024768084405656,77.56303665557333,2025-06-10 12:00:04,Malleshwaram,0
user_0063,36923.05,12.957751463709483,77.70366295423023,2025-06-24 19:29:04,Marathahalli,0
user_0028,68457.15,13.000358221793288,77.5760406386387,2025-05-31 22:31:04,Malleshwaram,0
user_0008,59563.87,12.93902349120922,77.63510502522402,2025-06-14 22:27:04,Koramangala,0
user_0049,440291.13,12.988357726510506,77.62766116120669,2025-06-16 07:59:04,Indiranagar,1
user_0050,93834.05,12.912247876935632,77.62546754679603,2025-06-11 14:39:04,BTM Layout,0
user_0101,4809.46,12.943018824382928,77.71254026349044,2025-06-09 15:26:04,Marathahalli,0
user_0037,16365.59,12.997899278803176,77.55997537823659,2025-06-10 02:14:04,Malleshwaram,0
user_0090,90786.61,12.851792812281554,77.67172414801523,2025-06-13 00:34:04,Electronic City,0
user_0085,43913.49,12.970402430460979,77.70637212771825,2025-06-05 06:05:04,Marathahalli,0
user_0020,43874.47,12.915350007032318,77.6081990837216,2025-06-18 10:34:04,Jayanagar,0
user_0038,54355.29,12.915235149222516,77.59534411930139,2025-05-30 12:03:04,Jayanagar,0
user_0008,33281.58,13.029850652780436,77.58400079541128,2025-06-12 14:32:04,Hebbal,0
user_0095,62007.28,12.852394327317151,77.68599989950359,2025-06-07 10:05:04,Electronic City,0
user_0008,31172.21,13.000290857390006,77.5391903580085,2025-06-02 11:44:04,Rajajinagar,0
user_0008,76245.87,12.967233209569619,77.63965045835249,2025-06-08 08:28:04,Indiranagar,0
user_0075,50228.83,12.943384411796352,77.6921432935219,2025-06-10 20:35:04,Marathahalli,0
user_0065,72003.65,12.841747484728117,77.67796066116479,2025-06-13 09:00:04,Electronic City,0
user_0021,59902.94,12.960126043848701,77.65591893914716,2025-06-20 19:19:04,Indiranagar,0
user_0066,40085.14,12.962157824017142,77.75404235182532,2025-06-24 06:04:04,Whitefield,0
user_0024,13911.62,12.961007766913644,77.75804758868694,2025-06-12 18:10:04,Whitefield,0
user_0077,10221.27,12.976886516175743,77.7651252029253,2025-06-14 03:55:04,Whitefield,0
user_0087,15253.9,12.920475148458394,77.57826564105828,2025-05-26 22:55:04,Jayanagar,0
user_0052,141699.68,12.98513580226691,77.74812844581636,2025-06-22 11:30:04,Whitefield,1
user_0073,98484.12,12.913696247909698,77.60596183023432,2025-06-23 16:13:04,Jayanagar,0
user_0075,31144.43,13.03908920489171,77.59336045779712,2025-05-28 12:56:04,Hebbal,0
user_0006,234079.56,13.017948901729895,77.59099997015103,2025-05-28 13:54:04,Hebbal,1
user_0011,53739.56,13.0244418101549,77.56826396837185,2025-05-25 21:36:04,Malleshwaram,0
user_0085,91845.47,13.025875849475314,77.59528610868946,2025-06-20 02:35:04,Hebbal,0
user_0073,170555.62,12.826146425853262,77.6588028526215,2025-06-23 10:28:04,Electronic City,1
user_0041,78049.57,12.90651341312004,77.59974615439067,2025-06-21 12:21:04,BTM Layout,0
user_0027,97554.13,12.978839197396509,77.55292339184602,2025-06-11 01:22:04,Rajajinagar,0
user_0031,498749.7,12.920037297921445,77.59449915233833,2025-06-10 08:52:04,BTM Layout,1
user_0051,20990.56,12.92457440145881,77.61335361155544,2025-06-05 09:33:04,Koramangala,0
user_0086,288827.31,12.91975148123366,77.6026781866386,2025-06-05 07:47:04,BTM Layout,1
user_0059,52764.77,12.98936532421399,77.55242389408559,2025-06-20 04:53:04,Rajajinagar,0
user_0097,15524.02,12.98587623286968,77.74533456995603,2025-06-16 05:56:04,Whitefield,0
user_0002,64399.95,12.94360910260779,77.70968278302152,2025-06-13 09:40:04,Marathahalli,0
user_0080,2709.6,13.026931119424985,77.58604912070967,2025-06-17 04:20:04,Hebbal,0
user_0013,59504.9,12.980607786860295,77.7383160238578,2025-06-02 22:58:04,Whitefield,0
user_0069,23818.28,12.915744943819801,77.60180961916598,2025-06-19 06:48:04,Jayanagar,0
user_0065,83021.99,12.903666012568568,77.6067267498477,2025-05-27 06:14:04,BTM Layout,0
user_0017,8692.5,12.976563370481243,77.54547337856381,2025-06-21 17:53:04,Rajajinagar,0
user_0009,172574.99,12.930150470760875,77.60114941027527,2025-06-15 04:39:04,Jayanagar,1
user_0048,62476.13,12.907930574177705,77.60576459128531,2025-06-10 22:40:04,BTM Layout,0
user_0021,26806.36,12.95042133855428,77.71176791074599,2025-06-14 16:22:04,Marathahalli,0
user_0070,86106.8,12.903631105433027,77.62337812525759,2025-06-12 11:27:04,BTM Layout,0
user_0079,89455.22,12.826744401398976,77.6750514726901,2025-06-10 12:11:04,Electronic City,0
user_0002,74168.69,12.843010025939682,77.66687523190751,2025-05-30 06:17:04,Electronic City,0
user_0039,433972.26,12.984235037882392,77.7567908777517,2025-05-27 01:37:04,Whitefield,1
user_0018,82258.39,12.919357350468983,77.60195784579054,2025-06-06 07:13:04,BTM Layout,0
user_0015,65142.04,12.959220586369751,77.73227822805976,2025-06-15 21:03:04,Whitefield,0
user_0096,460007.56,12.846567011836363,77.66661732110133,2025-06-12 23:49:04,Electronic City,1
user_0020,49427.39,12.931533763817116,77.60717281170783,2025-06-05 16:49:04,BTM Layout,0
user_0037,51891.77,13.02377417545067,77.60557778797933,2025-06-10 12:09:04,Hebbal,0
user_0027,341261.24,12.975941430823571,77.56814699065596,2025-06-15 17:37:04,Rajajinagar,1
user_0027,91551.37,12.909289070833267,77.6124929600107,2025-06-07 14:56:04,BTM Layout,0
user_0065,66367.12,12.942846892880043,77.70131459250206,2025-06-21 10:45:04,Marathahalli,0
user_0033,53984.28,12.983907375146309,77.65368316574106,2025-06-23 14:16:04,Indiranagar,0
user_0012,15467.21,13.00827161472794,77.56389220656015,2025-06-01 22:57:04,Malleshwaram,0
user_0036,41279.36,12.978389275546945,77.63885143562536,2025-06-24 18:38:04,Indiranagar,0
user_0001,81910.23,12.973566284346875,77.57285403200746,2025-06-01 04:38:04,Rajajinagar,0
user_0099,141238.4,12.920482236876635,77.63953832704368,2025-06-06 14:46:04,Koramangala,1
user_0082,480094.99,12.917367591618508,77.59520649412116,2025-06-05 01:08:04,BTM Layout,1
user_0021,75839.24,12.967047248571584,77.7076219231247,2025-06-16 07:24:04,Marathahalli,0
user_0071,84919.57,13.023735632887785,77.57478522231054,2025-06-13 18:42:04,Malleshwaram,0
user_0072,5159.58,12.97900811432489,77.65652426369066,2025-06-05 10:03:04,Indiranagar,0
user_0015,56794.52,12.963056030865065,77.73622513797429,2025-06-04 17:37:04,Whitefield,0
user_0089,19259.9,12.952175071897852,77.6405096032113,2025-06-19 06:11:04,Koramangala,0
user_0070,86204.27,12.96998355621752,77.64200845319175,2025-06-07 02:28:04,Indiranagar,0
user_0048,65016.74,13.022126734622605,77.58175507032898,2025-05-31 05:03:04,Hebbal,0
user_0071,33987.5,12.931758034222769,77.62711000934895,2025-06-10 11:16:04,Koramangala,0
user_0056,53840.15,12.928668558664219,77.6290366261779,2025-06-14 04:21:04,Koramangala,0
user_0006,61586.32,12.913627246271275,77.60872857119192,2025-06-14 05:49:04,BTM Layout,0
user_0047,23.75,12.972642779604584,77.65702225940586,2025-06-17 21:02:04,Indiranagar,0
user_0046,99793.41,12.908880498593774,77.57897273551761,2025-06-13 10:47:04,Jayanagar,0
user_0088,291913.05,12.938465841952661,77.61124444934052,2025-06-01 20:59:04,Jayanagar,1
user_0086,41776.68,12.970611502401244,77.75827015521386,2025-06-22 10:28:04,Whitefield,0
user_0046,286924.84,12.830532936636184,77.6682597520885,2025-06-07 11:47:04,Electronic City,1
user_0053,4209.32,13.05058699466874,77.58060723161154,2025-06-07 06:18:04,Hebbal,0
user_0096,256652.66,12.925046986950093,77.64071481743964,2025-06-18 11:03:04,Koramangala,1
user_0031,8941.1,12.952581279822706,77.63834500822095,2025-05-29 17:25:04,Koramangala,0
user_0023,90372.4,12.997201223282596,77.58719977031124,2025-06-14 16:57:04,Malleshwaram,0
user_0004,94273.18,12.925490781830812,77.6364150456847,2025-06-13 18:04:04,Koramangala,0
user_0095,118779.1,12.980200477915108,77.56607511616457,2025-06-12 18:58:04,Rajajinagar,1
user_0101,5784.27,12.998977442271588,77.57015803123159,2025-06-19 19:24:04,Malleshwaram,0
user_0086,52503.15,12.921260973654151,77.60310589101637,2025-05-26 01:04:04,Jayanagar,0
user_0035,15389.59,12.933880387323086,77.62893017596163,2025-06-04 19:07:04,Koramangala,0
user_0101,3486.52,12.972685989471632,77.73517880495126,2025-05-29 19:35:04,Whitefield,0
user_0049,26560.0,12.9856089398151,77.65761987381008,2025-06-02 09:34:04,Indiranagar,0
user_0061,80951.61,12.92683269803997,77.5789166399968,2025-05-26 06:58:04,Jayanagar,0
user_0026,37268.85,12.9630527673099,77.68563994888912,2025-06-14 15:15:04,Marathahalli,0
user_0045,96212.2,12.923203919411158,77.59482543637803,2025-06-17 22:35:04,BTM Layout,0
user_0030,49514.65,12.939649143043049,77.59637005196107,2025-06-23 03:42:04,Jayanagar,0
user_0004,54377.89,12.916604622348448,77.60744432383262,2025-06-06 08:46:04,Jayanagar,0
user_0052,65845.18,13.004735827061614,77.56350857573747,2025-06-03 02:08:04,Rajajinagar,0
user_0036,69747.15,12.976970837406832,77.73870077620846,2025-06-10 11:08:04,Whitefield,0
user_0099,96131.53,12.899635938127373,77.62184114416449,2025-06-22 20:50:04,BTM Layout,0
user_0045,234048.21,12.852927975108807,77.65762234635964,2025-05-30 11:09:04,Electronic City,1
user_0052,75663.58,12.820412103485292,77.6679256984928,2025-06-06 16:15:04,Electronic City,0
user_0043,98118.62,12.957756535379469,77.63675658962114,2025-05-31 15:06:04,Indiranagar,0
user_0015,427471.95,12.90243714013791,77.61950641090098,2025-06-24 02:51:04,BTM Layout,1
user_0023,96299.2,13.040579167320143,77.61256858037873,2025-06-23 19:43:04,Hebbal,0
user_0034,474891.46,12.981360508415891,77.65731884282005,2025-06-12 03:07:04,Indiranagar,1
user_0014,77098.43,13.034847707691355,77.5810692057859,2025-06-19 05:05:04,Hebbal,0
user_0056,440966.01,13.008562665555942,77.57289649928957,2025-06-08 06:37:04,Rajajinagar,1
user_0094,13008.62,12.987305847221824,77.54034688809276,2025-05-31 09:02:04,Rajajinagar,0
user_0056,37183.35,13.026881396385168,77.5790190803548,2025-06-05 16:08:04,Hebbal,0
user_0066,46853.94,12.955464634943917,77.7626643161968,2025-06-14 21:30:04,Whitefield,0
user_0050,82592.08,13.0257376437041,77.58195066831047,2025-06-12 16:16:04,Hebbal,0
user_0025,65451.12,12.929863218829993,77.62679321273659,2025-06-09 12:16:04,BTM Layout,0
user_0006,392508.3,13.00630729070004,77.57449192604196,2025-05-28 14:04:04,Malleshwaram,1
user_0001,27421.52,12.834932756984326,77.68980177310556,2025-06-20 21:52:04,Electronic City,0
user_0069,21310.47,12.938265686972633,77.60154501045774,2025-06-06 11:07:04,Jayanagar,0
user_0047,47153.25,13.02607183524017,77.55816758615147,2025-06-10 22:24:04,Malleshwaram,0
user_0009,77659.69,12.98983130214794,77.55709385202624,2025-06-18 17:16:04,Rajajinagar,0
user_0080,418719.33,12.974654096558243,77.57116568820958,2025-05-28 20:31:04,Rajajinagar,1
user_0085,79653.73,12.951826372438429,77.75344332486927,2025-06-22 13:54:04,Whitefield,0
user_0093,24754.0,12.905808098259472,77.60979710078348,2025-06-18 18:26:04,BTM Layout,0
user_0065,332788.98,12.927322850473413,77.60326619671797,2025-05-31 08:57:04,BTM Layout,1
user_0086,1162.05,13.005325893924566,77.56877707512494,2025-06-06 08:29:04,Malleshwaram,0
user_0042,29166.26,13.018463397031034,77.58581166263203,2025-06-09 16:14:04,Malleshwaram,0
user_0090,72428.53,12.902363249672728,77.60080432489595,2025-06-22 04:56:04,BTM Layout,0
user_0071,14249.55,12.934564193929788,77.6140621470241,2025-06-18 17:15:04,Koramangala,0
user_0025,77580.47,12.994348342311525,77.56411718671025,2025-06-20 09:30:04,Malleshwaram,0
user_0086,131432.32,13.011633904441858,77.5763275664554,2025-06-14 00:53:04,Malleshwaram,1
user_0087,20015.02,12.941340016517277,77.64077207114794,2025-06-18 12:20:04,Koramangala,0
user_0079,458488.62,13.051519360224997,77.58085482103247,2025-06-12 00:18:04,Hebbal,1
user_0039,70906.05,13.01691484440117,77.5803730840746,2025-05-30 08:19:04,Malleshwaram,0
user_0071,81482.51,12.977395319578353,77.64310996225556,2025-06-06 07:48:04,Indiranagar,0
user_0039,78383.26,12.921773970998073,77.61105144724094,2025-06-01 10:36:04,BTM Layout,0
user_0027,8163.0,13.012561392731898,77.57491600669815,2025-06-14 03:49:04,Malleshwaram,0
user_0101,61574.2,13.052948297506996,77.59112237087463,2025-06-02 16:08:04,Hebbal,0
user_0078,78969.85,12.975055375052518,77.54380801960889,2025-06-21 11:48:04,Rajajinagar,0
user_0060,361305.55,12.973885906884927,77.71900966350078,2025-05-29 20:06:04,Marathahalli,1
user_0057,19954.25,12.914930130627832,77.59085945184388,2025-06-04 21:12:04,Jayanagar,0
user_0066,84045.24,12.972604704558089,77.6988696348161,2025-06-19 22:53:04,Marathahalli,0
user_0095,62876.48,12.944847707678083,77.62467459033849,2025-06-06 18:55:04,Koramangala,0
user_0085,51399.59,12.952841241288523,77.74613478089546,2025-06-20 06:15:04,Whitefield,0
user_0037,59772.36,12.835379132499945,77.66755775845893,2025-06-17 01:27:04,Electronic City,0
user_0085,91236.33,13.040540908832163,77.60540046927622,2025-06-01 16:41:04,Hebbal,0
user_0043,386330.27,12.973470464276108,77.75467623543157,2025-06-08 15:39:04,Whitefield,1
user_0097,51261.52,12.937770633995301,77.5935217245567,2025-06-06 03:02:04,Jayanagar,0
user_0087,87074.99,12.91994841080475,77.61296179817454,2025-05-31 22:04:04,BTM Layout,0
user_0029,9526.15,12.921075010329794,77.61071575936343,2025-05-30 19:54:04,Jayanagar,0
user_0019,65673.67,12.974786040841103,77.64475726054414,2025-05-25 22:52:04,Indiranagar,0
user_0006,23702.79,12.915488304985459,77.5784305134173,2025-05-28 14:20:04,Jayanagar,0
user_0061,51977.39,13.047651652824598,77.59450946031212,2025-06-17 02:55:04,Hebbal,0
user_0099,61714.5,12.960882082236951,77.74482795487987,2025-06-08 19:38:04,Whitefield,0
user_0059,60553.82,13.010407636947736,77.5796546064809,2025-06-20 13:42:04,Malleshwaram,0
user_0081,44636.86,13.049071037135613,77.58639968324457,2025-06-12 11:24:04,Hebbal,0
user_0025,207900.57,12.995613362469536,77.55981102387128,2025-06-13 16:57:04,Malleshwaram,1
user_0064,356001.55,13.007477442460663,77.58513513576678,2025-06-24 02:00:04,Malleshwaram,1
user_0032,50723.48,12.941982265436634,77.62080194553025,2025-06-01 05:01:04,Koramangala,0
user_0084,68596.77,12.987881505781019,77.64621333109245,2025-06-24 17:33:04,Indiranagar,0
user_0097,45473.99,12.970583064743646,77.74422985542778,2025-06-20 05:00:04,Whitefield,0
user_0100,12574.15,13.002278556453737,77.57687588334187,2025-05-29 01:33:04,Malleshwaram,0
user_0029,67343.24,12.923969336351913,77.63281817927462,2025-06-17 17:13:04,Koramangala,0
user_0090,23456.13,12.854222134035101,77.68220353255099,2025-05-29 10:12:04,Electronic City,0
user_0060,61784.72,12.984739057151533,77.65087637349635,2025-05-30 11:31:04,Indiranagar,0
user_0072,79551.04,12.931360842730712,77.58355405954586,2025-06-03 12:39:04,Jayanagar,0
user_0016,39386.44,12.958781449971594,77.69644319521592,2025-06-15 12:38:04,Marathahalli,0
user_0018,60495.39,12.969204997028022,77.71967790765255,2025-06-20 20:34:04,Marathahalli,0
user_0086,9048.17,12.846792764297346,77.68924020040726,2025-06-11 04:44:04,Electronic City,0
user_0072,32703.32,13.033571976447279,77.61146398737255,2025-06-06 14:45:04,Hebbal,0
user_0041,31719.57,12.967453485267567,77.68821383983317,2025-06-12 11:26:04,Marathahalli,0
user_0079,575.87,12.842892207146997,77.67955790290085,2025-06-22 05:32:04,Electronic City,0
user_0055,38041.97,12.836351121535948,77.66614213084232,2025-06-03 01:34:04,Electronic City,0
user_0058,22726.96,12.923252049915053,77.62963787275486,2025-05-28 04:40:04,Koramangala,0
user_0096,50044.53,12.969093104489074,77.70258763189679,2025-06-09 02:46:04,Marathahalli,0
user_0058,2564.21,12.902506967273757,77.5974510578728,2025-06-24 00:01:04,BTM Layout,0
user_0097,24606.97,12.934545342758275,77.60507876535914,2025-06-19 02:24:04,Jayanagar,0
user_0082,95552.37,12.905637044529138,77.59235451801723,2025-06-07 17:42:04,BTM Layout,0
user_0099,89803.05,12.833878360682423,77.66468663519181,2025-06-18 15:12:04,Electronic City,0
user_0063,19455.83,12.929228892159026,77.59463188196692,2025-06-20 15:26:04,Jayanagar,0
user_0036,92960.59,12.957411217177485,77.69510027744705,2025-06-15 11:11:04,Marathahalli,0
user_0010,71615.07,12.928245910471917,77.61091012758617,2025-06-08 17:27:04,BTM Layout,0
user_0031,443766.46,12.917506788600615,77.61763319862064,2025-06-04 04:04:04,BTM Layout,1
user_0043,326925.32,13.006554143753924,77.55328026757464,2025-06-20 08:17:04,Rajajinagar,1
user_0070,426299.64,12.953346397580352,77.75469824776916,2025-06-09 18:23:04,Whitefield,1
user_0018,60161.18,12.935746852985,77.62787075924768,2025-06-08 09:09:04,Koramangala,0
user_0030,64660.59,13.004182793481464,77.58412670647884,2025-06-17 10:41:04,Malleshwaram,0
user_0089,55663.71,12.928067045111163,77.63285884928236,2025-06-01 03:34:04,Koramangala,0
user_0091,67142.47,12.910424695994044,77.59826339908744,2025-06-08 13:54:04,Jayanagar,0
user_0009,58660.85,13.017735990808799,77.58257376856012,2025-06-06 15:38:04,Malleshwaram,0
user_0053,9571.46,12.984735019317075,77.54627914120461,2025-06-16 16:43:04,Rajajinagar,0
user_0070,63796.08,12.952068684537135,77.70530455261931,2025-06-18 10:58:04,Marathahalli,0
user_0054,98778.55,12.978632236181896,77.63775202767943,2025-06-21 19:00:04,Indiranagar,0
user_0027,71759.78,12.991752111414975,77.56377351439548,2025-06-02 06:02:04,Malleshwaram,0
user_0050,60321.94,13.038624753765998,77.58886164564179,2025-06-01 06:45:04,Hebbal,0
user_0090,134264.21,12.960496119809685,77.6348350112474,2025-06-19 08:55:04,Indiranagar,1
user_0098,35499.63,13.047759031108159,77.6031118059868,2025-06-20 03:54:04,Hebbal,0
user_0049,356067.65,12.961437022308006,77.70308766798382,2025-05-31 20:35:04,Marathahalli,1
user_0001,33300.19,12.97536806759591,77.5516207720175,2025-06-02 04:37:04,Rajajinagar,0
user_0039,99548.05,13.007946148190404,77.55364927360723,2025-06-18 02:12:04,Malleshwaram,0
user_0054,95762.53,12.843063425066344,77.68478334486274,2025-05-26 01:50:04,Electronic City,0
user_0096,40947.79,12.836411565270566,77.68483111095118,2025-06-08 17:01:04,Electronic City,0
user_0078,66491.17,12.924095010576801,77.58956671280158,2025-05-28 02:47:04,Jayanagar,0
user_0063,97416.46,12.942747153230933,77.60918742226754,2025-06-04 11:17:04,Jayanagar,0
user_0035,84203.33,12.994530779977636,77.5607449465381,2025-06-01 23:02:04,Malleshwaram,0
user_0063,86468.62,12.971846429975514,77.6289226674097,2025-06-17 03:55:04,Indiranagar,0
user_0050,147060.49,12.982963516032823,77.55095987053951,2025-06-20 19:16:04,Rajajinagar,1
user_0086,474783.19,13.002191867050739,77.56578762223691,2025-06-11 16:58:04,Malleshwaram,1
user_0093,60059.43,12.923011322931607,77.63481625069394,2025-05-30 00:04:04,Koramangala,0
user_0060,56657.54,12.924695874391256,77.64001694467186,2025-06-07 13:59:04,Koramangala,0
user_0080,426980.07,12.844481218248974,77.67677049342556,2025-05-31 19:04:04,Electronic City,1
user_0004,14127.8,13.002161410417948,77.55439799218203,2025-06-02 18:28:04,Malleshwaram,0
user_0076,17352.45,13.02584015980167,77.61348010406827,2025-06-10 12:09:04,Hebbal,0
user_0085,93273.07,12.970856015860823,77.63448748436736,2025-06-18 13:54:04,Indiranagar,0
user_0011,13919.8,13.018742695528037,77.55778247305443,2025-06-03 06:03:04,Malleshwaram,0
user_0018,39866.3,12.951226465668162,77.68633864177966,2025-06-20 19:26:04,Marathahalli,0
user_0024,154067.38,12.97338484814036,77.6579863841857,2025-05-27 23:10:04,Indiranagar,1
user_0034,31181.61,13.022753340273804,77.56149108554052,2025-06-01 11:25:04,Malleshwaram,0
user_0042,33.25,12.929309475852175,77.59921265197832,2025-06-16 06:08:04,Jayanagar,0
user_0059,6134.96,12.990051366622318,77.54007797461281,2025-05-26 00:25:04,Rajajinagar,0
user_0044,5778.06,13.026629871180663,77.56010108483662,2025-06-03 21:00:04,Malleshwaram,0
user_0036,148554.85,13.000745492222999,77.5578879779406,2025-06-04 18:37:04,Malleshwaram,1
user_0033,61805.17,12.960030436210689,77.74026560499324,2025-05-31 22:12:04,Whitefield,0
user_0061,17375.26,12.972574467167988,77.6385363381582,2025-06-01 18:31:04,Indiranagar,0
user_0096,454641.8,12.843752280914307,77.67034725190793,2025-06-20 20:45:04,Electronic City,1
user_0007,48163.48,12.999918536236446,77.56570468085194,2025-06-03 04:04:04,Rajajinagar,0
user_0029,266462.18,12.966865968346807,77.76036262111208,2025-06-07 22:56:04,Whitefield,1
user_0100,68097.48,12.975886421369648,77.63483965387069,2025-06-20 23:16:04,Indiranagar,0
user_0097,62929.88,12.982466202230018,77.65776132051607,2025-06-13 16:06:04,Indiranagar,0
user_0032,10973.62,12.930264508953604,77.59377599405329,2025-06-21 11:43:04,Jayanagar,0
user_0003,14923.78,13.023189141070054,77.59068201538342,2025-06-17 08:29:04,Hebbal,0
user_0020,47601.81,12.929111038240892,77.60675730564493,2025-06-15 01:22:04,Jayanagar,0
user_0017,95622.22,12.966338860765957,77.69524799624317,2025-06-03 08:27:04,Marathahalli,0
user_0086,43760.31,12.961849286988638,77.765406986841,2025-06-20 12:46:04,Whitefield,0
user_0073,78117.04,12.924836111836433,77.58970446521977,2025-05-26 21:04:04,Jayanagar,0
user_0060,22696.47,12.900983857317502,77.61076335214217,2025-06-19 04:58:04,BTM Layout,0
user_0099,73743.38,12.997994694746247,77.53948370812981,2025-06-09 02:44:04,Rajajinagar,0
user_0022,386529.64,13.046687587680273,77.58277901023253,2025-06-19 09:50:04,Hebbal,1
user_0078,303432.21,12.964511762468542,77.74256794887523,2025-06-04 17:55:04,Whitefield,1
user_0100,77465.35,12.945428564928564,77.61926905802727,2025-05-29 05:40:04,Koramangala,0
user_0040,54961.6,12.961333204624324,77.73263675535246,2025-06-17 08:19:04,Whitefield,0
user_0075,487144.05,12.981779636921223,77.6313925195511,2025-06-12 13:48:04,Indiranagar,1
user_0040,66735.04,13.02215626732106,77.60114461146085,2025-06-07 02:00:04,Hebbal,0
user_0087,64390.43,13.023463589094483,77.56309335147549,2025-06-10 11:09:04,Malleshwaram,0
user_0051,47433.61,12.928671408635545,77.59677018588134,2025-06-12 21:45:04,Jayanagar,0
user_0010,81176.98,13.022398044914098,77.59117180201781,2025-06-04 00:57:04,Hebbal,0
user_0089,22461.56,12.920531275313202,77.59560511497146,2025-06-09 10:10:04,Jayanagar,0
user_0014,16368.38,12.90725559321919,77.59646040995679,2025-06-16 07:03:04,BTM Layout,0
user_0088,88692.49,13.04197855621242,77.59040261179621,2025-06-16 07:20:04,Hebbal,0
user_0016,25843.16,13.044990700135001,77.59557799990176,2025-05-31 12:54:04,Hebbal,0
user_0101,72849.07,12.960089895429741,77.6251228182702,2025-06-12 23:48:04,Indiranagar,0
user_0045,75318.73,12.821737792280974,77.66352125462089,2025-06-08 13:51:04,Electronic City,0
user_0055,390392.24,13.008261432148721,77.55558177045279,2025-06-07 13:20:04,Rajajinagar,1
user_0009,34238.36,12.847503964363119,77.68437202832709,2025-06-22 05:04:04,Electronic City,0
user_0083,10593.07,12.998306677551355,77.56945307804904,2025-06-13 10:12:04,Rajajinagar,0
user_0002,76112.15,12.996978312575054,77.57159161532068,2025-06-04 02:52:04,Malleshwaram,0
user_0063,74171.21,12.961796471972931,77.73887131053218,2025-06-13 03:06:04,Whitefield,0
user_0056,65756.03,12.9934850432181,77.56439896562269,2025-06-23 01:38:04,Rajajinagar,0
user_0082,18802.47,12.951504861421357,77.7032944384628,2025-06-02 20:02:04,Marathahalli,0
user_0091,84804.78,12.947188485381876,77.60687951763107,2025-06-17 07:33:04,Koramangala,0
user_0056,75867.64,12.928963301489661,77.61184731712909,2025-06-14 03:19:04,Koramangala,0
user_0094,87665.08,12.833454397495743,77.67374813084521,2025-06-12 22:57:04,Electronic City,0
user_0084,88619.58,12.912691016150553,77.60695123750806,2025-06-08 08:33:04,BTM Layout,0
user_0079,321.83,12.826195860102878,77.66411601008741,2025-06-06 07:17:04,Electronic City,0
user_0100,40232.71,12.95636431396392,77.70995062218422,2025-06-23 00:55:04,Marathahalli,0
user_0060,190176.28,13.01138594934833,77.57322928528276,2025-06-20 04:55:04,Malleshwaram,1
user_0094,80498.9,13.02938947762988,77.60191858201978,2025-06-04 20:47:04,Hebbal,0
user_0035,378166.56,13.008868259115177,77.5455438556705,2025-06-24 10:37:04,Rajajinagar,1
user_0032,52029.66,12.957095586547974,77.7437087478778,2025-06-13 16:14:04,Whitefield,0
user_0036,8860.04,12.94023575592423,77.71276006903854,2025-06-23 16:07:04,Marathahalli,0
user_0032,73361.58,12.961137484667935,77.69906209201059,2025-06-09 19:17:04,Marathahalli,0
user_0073,78565.16,13.042499505263057,77.61469824979535,2025-06-12 01:04:04,Hebbal,0
user_0086,73998.64,12.998495004236933,77.57186216089808,2025-06-22 09:47:04,Malleshwaram,0
user_0044,16529.41,12.974692257512501,77.64431636368248,2025-06-05 04:26:04,Indiranagar,0
user_0064,92961.69,13.00738033315731,77.5473260093285,2025-06-11 15:04:04,Rajajinagar,0
user_0024,87273.03,12.944688339381848,77.71280606521786,2025-06-19 06:19:04,Marathahalli,0
user_0028,48296.89,12.976386541036293,77.56421402908013,2025-06-06 14:57:04,Rajajinagar,0
user_0034,43685.07,12.973735286623915,77.54004613517397,2025-06-22 11:14:04,Rajajinagar,0
user_0036,13134.94,13.044858561658705,77.60265604166727,2025-06-19 10:42:04,Hebbal,0
user_0090,6895.8,12.900189005707135,77.59338964405815,2025-06-18 12:31:04,BTM Layout,0
user_0072,27561.23,12.962574637832414,77.63298197211274,2025-06-18 22:37:04,Indiranagar,0
user_0067,44973.98,12.916644649372811,77.58141736232085,2025-06-01 22:06:04,Jayanagar,0
user_0011,4650.06,12.939646394715115,77.58079983319342,2025-05-27 11:53:04,Jayanagar,0
user_0093,41109.56,12.994296382369821,77.5600147498851,2025-06-02 09:56:04,Malleshwaram,0
user_0063,54832.06,12.851970652766921,77.67176028275905,2025-06-16 13:00:04,Electronic City,0
user_0098,78771.3,12.93331787261192,77.6111440392972,2025-06-09 01:49:04,Jayanagar,0
user_0089,65417.46,12.944871736989722,77.69607164343539,2025-05-31 20:17:04,Marathahalli,0
user_0083,94703.6,12.950576806201326,77.68799354179775,2025-05-26 00:47:04,Marathahalli,0
user_0058,22531.69,12.956783432255408,77.64782176957034,2025-06-08 20:01:04,Indiranagar,0
user_0012,98051.68,12.929578006967548,77.61812934425977,2025-06-01 15:58:04,BTM Layout,0
user_0029,383134.33,13.013268474265296,77.55963142528253,2025-06-10 05:30:04,Malleshwaram,1
user_0089,42863.05,12.930916681603799,77.58356902534001,2025-06-12 08:57:04,Jayanagar,0
user_0040,444794.9,13.041240485302737,77.59863718448312,2025-06-15 23:36:04,Hebbal,1
user_0048,305001.55,12.950809851307922,77.71912745289994,2025-06-03 12:47:04,Marathahalli,1
user_0071,49725.59,12.829501651707677,77.66351734606964,2025-05-25 22:19:04,Electronic City,0
user_0045,75675.15,12.991828673101567,77.55603166784839,2025-06-03 08:05:04,Malleshwaram,0
user_0096,16161.98,12.828787250860596,77.67384285924977,2025-06-24 06:37:04,Electronic City,0
user_0043,77201.25,12.993392382514694,77.54137484360812,2025-06-04 14:20:04,Rajajinagar,0
user_0090,28243.09,12.966751141917994,77.697284961006,2025-05-26 16:07:04,Marathahalli,0
user_0035,39738.14,12.926531958591905,77.62683789743787,2025-05-29 05:04:04,BTM Layout,0
user_0033,52332.96,12.934278626478898,77.5857438447057,2025-06-01 17:35:04,Jayanagar,0
user_0016,64267.47,12.939958200663318,77.59499022945032,2025-05-27 10:52:04,Jayanagar,0
user_0041,69589.91,12.957765200483466,77.75398912211313,2025-06-16 19:27:04,Whitefield,0
user_0096,89718.63,12.855624197214963,77.66265266767743,2025-06-23 12:00:04,Electronic City,0
user_0098,18422.48,12.94358325170093,77.63604513540356,2025-06-01 15:18:04,Koramangala,0
user_0025,79859.33,12.938780770032698,77.60474066794384,2025-06-20 17:12:04,Jayanagar,0
user_0095,96712.66,12.955472395789545,77.68829401435528,2025-06-07 08:28:04,Marathahalli,0
user_0036,32301.12,13.049563162461428,77.59438701578092,2025-06-01 10:07:04,Hebbal,0
user_0098,1260.75,12.823534431944505,77.65864014987757,2025-06-18 01:06:04,Electronic City,0
user_0077,20975.29,12.93366152756671,77.60422037844545,2025-06-08 17:26:04,BTM Layout,0
user_0013,91820.8,12.932576317067507,77.5871099139886,2025-06-24 08:53:04,Jayanagar,0
user_0038,82163.69,12.918299488107847,77.58494673806048,2025-06-06 10:23:04,Jayanagar,0
user_0047,87982.19,12.925987024893207,77.61055200751031,2025-05-26 16:33:04,Koramangala,0
user_0039,387631.26,12.986207563037041,77.6498368036298,2025-06-12 05:59:04,Indiranagar,1
user_0091,61377.74,12.842557786215439,77.6702801782562,2025-06-11 19:48:04,Electronic City,0
user_0017,47128.72,12.907734229714308,77.59320326486188,2025-05-27 13:00:04,BTM Layout,0
user_0006,10634.37,12.978314493574274,77.62569157290675,2025-05-29 21:12:04,Indiranagar,0
user_0071,85573.73,12.934320454672715,77.5947007521301,2025-06-04 19:43:04,BTM Layout,0
user_0090,236152.7,12.935656027140363,77.61748416852961,2025-06-01 18:09:04,Koramangala,1
user_0082,3318.94,12.952695724063403,77.71124229668688,2025-06-05 04:22:04,Marathahalli,0
user_0014,23276.31,12.981994498855975,77.64714540192706,2025-06-01 18:58:04,Indiranagar,0
user_0074,90719.5,12.898588771155193,77.59817499352634,2025-06-19 16:00:04,BTM Layout,0
user_0061,37950.29,12.969137427370185,77.7035810169437,2025-06-24 17:17:04,Marathahalli,0
user_0057,97680.03,12.99074576803976,77.53863063383587,2025-06-16 09:49:04,Rajajinagar,0
user_0024,2717.5,12.958174917456681,77.6486842640119,2025-05-31 20:20:04,Indiranagar,0
user_0033,82603.91,12.96698763159789,77.68453086686849,2025-06-09 16:40:04,Marathahalli,0
user_0015,72667.1,12.974421193169848,77.75107750943285,2025-06-17 04:16:04,Whitefield,0
user_0052,44984.22,12.957466611770988,77.68736070162866,2025-06-01 01:10:04,Marathahalli,0
user_0010,1240.4,13.028010034126973,77.60869494803917,2025-06-16 17:39:04,Hebbal,0
user_0081,190541.37,12.980363718873212,77.62491685895418,2025-06-06 02:21:04,Indiranagar,1
user_0020,85226.39,12.929088576716245,77.6187488592198,2025-06-13 13:06:04,Koramangala,0
user_0073,62617.62,12.90721297909584,77.62071543346667,2025-06-08 10:51:04,BTM Layout,0
user_0011,333123.15,12.937817877255407,77.59457281762319,2025-06-04 13:33:04,Jayanagar,1
user_0016,432549.57,12.837781067711097,77.68416092789523,2025-05-25 23:52:04,Electronic City,1
user_0098,3264.57,13.02106619096637,77.58315689730748,2025-06-07 00:24:04,Malleshwaram,0
user_0078,51744.64,13.020744398692317,77.61179915601568,2025-06-02 11:24:04,Hebbal,0
user_0080,13752.38,12.912921609922407,77.58192907789395,2025-06-06 07:29:04,Jayanagar,0
user_0100,44524.61,12.828738143004498,77.67604554153318,2025-06-16 03:52:04,Electronic City,0
user_0049,253805.15,12.96148555890254,77.71813535324634,2025-06-18 17:28:04,Marathahalli,1
user_0057,74359.39,12.908274196246,77.60674763638322,2025-05-26 03:06:04,BTM Layout,0
user_0076,292.1,13.008208769549784,77.55312698181991,2025-06-20 03:42:04,Malleshwaram,0
user_0040,210726.45,13.034014965825508,77.59602599445388,2025-06-08 03:38:04,Hebbal,1
user_0080,46974.38,12.963696692451027,77.63064117399777,2025-06-12 10:19:04,Indiranagar,0
user_0079,550.58,12.953565652378149,77.76191142599903,2025-06-12 12:29:04,Whitefield,0
user_0098,28490.8,12.935903988453328,77.5963963475088,2025-06-03 15:16:04,Jayanagar,0
user_0081,29348.88,12.916993588208351,77.60521197028652,2025-06-06 01:33:04,Jayanagar,0
user_0034,81820.67,12.983488745130131,77.75259475871223,2025-05-31 01:44:04,Whitefield,0
user_0021,370168.41,12.942759165369337,77.58052032864498,2025-06-01 00:13:04,Jayanagar,1
user_0023,39457.61,12.834993552261823,77.69028868477682,2025-06-19 02:48:04,Electronic City,0
user_0010,60790.52,12.927874869949697,77.63237132359707,2025-06-22 12:27:04,Koramangala,0
user_0001,72139.35,12.991257796150482,77.57734043692727,2025-06-15 16:32:04,Malleshwaram,0
user_0058,4055.87,13.04252396084658,77.583107662633,2025-06-23 12:23:04,Hebbal,0
user_0061,45623.65,12.901907560074713,77.6135710457247,2025-06-13 00:41:04,BTM Layout,0
user_0005,90032.13,12.909871351858808,77.58856653303914,2025-06-13 05:03:04,Jayanagar,0
user_0037,66857.26,12.921877480725211,77.62408338970667,2025-06-10 12:34:04,BTM Layout,0
user_0090,50215.36,12.97089322333608,77.70595670156197,2025-06-21 14:00:04,Marathahalli,0
user_0010,72397.31,12.926080775600953,77.60565649486651,2025-06-16 15:21:04,Jayanagar,0
user_0034,82001.26,13.036970908087826,77.59515686744773,2025-06-04 21:49:04,Hebbal,0
user_0085,259748.1,12.911414533157613,77.59591323951173,2025-05-29 06:14:04,Jayanagar,1
user_0055,72917.35,12.954210254226505,77.74584207515923,2025-05-29 03:46:04,Whitefield,0
user_0070,40389.79,12.916905627901096,77.58682030626228,2025-05-30 15:10:04,Jayanagar,0
user_0083,44641.95,12.931028454779726,77.62270264364619,2025-05-26 01:29:04,Koramangala,0
user_0035,75935.1,12.949241514703337,77.60692557488346,2025-06-13 04:35:04,Koramangala,0
user_0010,2742.03,12.972530183743183,77.6416209508678,2025-06-10 15:54:04,Indiranagar,0
user_0022,64574.05,12.930657550817434,77.60454603462118,2025-05-28 12:06:04,BTM Layout,0
user_0077,2544.78,13.031436406416534,77.57922379784878,2025-05-27 18:39:04,Hebbal,0
user_0037,79172.03,12.962382725756216,77.70571186484514,2025-06-17 02:18:04,Marathahalli,0
user_0016,21789.26,12.941775105772864,77.68991296335633,2025-06-04 07:54:04,Marathahalli,0
user_0089,22848.67,12.916796580825602,77.62682134800424,2025-06-11 01:39:04,BTM Layout,0
user_0090,3899.6,13.005163486844932,77.55724864635904,2025-05-29 23:12:04,Malleshwaram,0
user_0035,402485.69,12.824367169736956,77.69202950734974,2025-06-23 07:29:04,Electronic City,1
user_0070,88840.37,12.973832719749884,77.70353535571957,2025-06-03 16:55:04,Marathahalli,0
user_0057,342751.33,12.965817365582069,77.7457743028734,2025-06-14 10:05:04,Whitefield,1
user_0077,54140.76,12.970802826955756,77.64236243355492,2025-06-22 13:42:04,Indiranagar,0
user_0056,24690.74,12.9893537423536,77.5488768738505,2025-06-17 11:16:04,Rajajinagar,0
user_0078,19462.38,12.910922449687739,77.60182063755427,2025-06-24 13:58:04,BTM Layout,0
user_0004,55770.88,12.9577366504664,77.7528904297717,2025-06-18 01:44:04,Whitefield,0
user_0030,15052.15,13.025252576691443,77.60717615601658,2025-06-06 05:36:04,Hebbal,0
user_0076,30048.94,12.97410008508765,77.64554812539909,2025-06-18 06:29:04,Indiranagar,0
user_0098,39513.77,12.92930478493339,77.61769944924981,2025-06-23 21:51:04,BTM Layout,0
user_0074,13237.24,12.975171912974426,77.63591930596564,2025-06-24 00:38:04,Indiranagar,0
user_0098,3798.16,12.921680029332139,77.63510218603781,2025-06-06 16:52:04,Koramangala,0
user_0061,87709.06,12.825543998897482,77.67425497675912,2025-06-15 04:05:04,Electronic City,0
user_0084,48340.74,12.955709228832639,77.69478099020863,2025-06-04 07:23:04,Marathahalli,0
user_0036,52244.41,12.93308193562722,77.62831100191492,2025-06-15 10:11:04,Koramangala,0
user_0075,36226.81,13.022373951193677,77.58682394030932,2025-05-30 14:34:04,Malleshwaram,0
user_0082,82751.89,12.959293937276486,77.71294826458833,2025-06-20 13:16:04,Marathahalli,0
user_0012,99612.29,12.968755386196591,77.6997072005994,2025-05-31 18:27:04,Marathahalli,0
user_0045,89309.02,13.002421588468623,77.56070892126505,2025-06-14 18:16:04,Malleshwaram,0
user_0043,488613.25,12.999933504958173,77.56546293314213,2025-06-06 03:08:04,Rajajinagar,1
user_0086,3054.95,12.976738105640976,77.73672649114984,2025-05-30 08:24:04,Whitefield,0
user_0021,35871.55,12.985496660257986,77.56439824107603,2025-05-28 15:53:04,Rajajinagar,0
user_0053,79339.4,12.973939490294846,77.70827193869756,2025-06-05 12:08:04,Marathahalli,0
user_0037,29461.94,12.992773403105508,77.56379846503556,2025-06-17 06:12:04,Malleshwaram,0
user_0098,6902.95,12.84733253773899,77.68529091106694,2025-06-10 11:58:04,Electronic City,0
user_0005,76611.59,12.963208442262058,77.6876442929639,2025-06-10 20:07:04,Marathahalli,0
user_0012,72314.95,12.974364808946582,77.54901395822989,2025-06-18 20:13:04,Rajajinagar,0
user_0033,63208.98,12.976087981090377,77.5724005480105,2025-06-17 17:31:04,Rajajinagar,0
user_0015,29956.57,12.995251590727424,77.5818270067531,2025-06-14 05:07:04,Malleshwaram,0
user_0066,47825.99,12.956209075148394,77.63769993811289,2025-05-28 13:45:04,Indiranagar,0
user_0085,23238.43,12.830723066344891,77.66307133655728,2025-06-22 18:27:04,Electronic City,0
user_0060,2202.69,13.008350882390767,77.55962717109247,2025-06-08 07:16:04,Malleshwaram,0
user_0007,97898.11,12.914716326964282,77.59077734875932,2025-05-31 23:34:04,Jayanagar,0
user_0067,18784.29,12.991611133361436,77.5541747654789,2025-06-13 07:32:04,Rajajinagar,0
user_0080,62478.39,12.962580800764806,77.69260024073209,2025-06-07 07:03:04,Marathahalli,0
user_0081,82253.48,12.948431355637608,77.70418068219652,2025-06-14 13:55:04,Marathahalli,0
user_0098,466716.76,12.96804849120408,77.62889816737032,2025-06-20 22:33:04,Indiranagar,1
user_0027,82377.81,12.925560188617162,77.60352655118058,2025-06-19 22:42:04,BTM Layout,0
user_0071,304452.14,12.942949143021647,77.62786885632346,2025-06-02 16:01:04,Koramangala,1
user_0037,58326.65,12.93811963685256,77.6927765358271,2025-06-15 00:51:04,Marathahalli,0
user_0090,31627.01,12.967773501258774,77.6885641414247,2025-05-27 15:12:04,Marathahalli,0
user_0016,86654.8,12.982011980964902,77.65532151873191,2025-06-20 22:47:04,Indiranagar,0
user_0081,90994.31,13.019306008980998,77.5993289748107,2025-06-02 06:57:04,Hebbal,0
user_0031,84424.87,12.917339216924335,77.6124983095044,2025-06-08 12:20:04,Koramangala,0
user_0040,66638.54,12.824852275718754,77.68194624257349,2025-06-07 20:31:04,Electronic City,0
user_0002,26896.8,12.848355814895314,77.68079456653967,2025-06-13 13:27:04,Electronic City,0
user_0053,244020.83,12.969814455701268,77.74747582472143,2025-06-14 06:12:04,Whitefield,1
user_0029,20888.27,12.979557860117616,77.73198581087082,2025-05-28 19:57:04,Whitefield,0
user_0060,18602.3,12.981410086011403,77.76252515319351,2025-06-05 19:34:04,Whitefield,0
user_0083,65735.35,12.943506175169686,77.62982299715542,2025-06-03 21:04:04,Koramangala,0
user_0064,75402.3,12.909223476669256,77.59700453706851,2025-06-12 05:02:04,BTM Layout,0
user_0066,73859.75,12.923165545247807,77.60895240148832,2025-06-11 04:54:04,BTM Layout,0
user_0054,8534.13,12.951235531090312,77.68597538566056,2025-06-01 21:36:04,Marathahalli,0
user_0061,51586.19,12.93177637635445,77.58449869850645,2025-06-23 08:38:04,Jayanagar,0
user_0059,83826.54,12.824663726090108,77.6724880243214,2025-06-19 06:02:04,Electronic City,0
user_0019,40428.97,13.023833004889598,77.56109189897882,2025-05-31 15:06:04,Malleshwaram,0
user_0025,87764.7,13.036485847932596,77.60339791954806,2025-06-23 20:17:04,Hebbal,0
user_0066,77399.14,12.925102895453088,77.61122137898798,2025-06-16 12:28:04,Koramangala,0
user_0009,57535.54,12.912368660308852,77.60533364507405,2025-06-20 18:40:04,BTM Layout,0
user_0099,43550.76,13.00175166164975,77.57934295041149,2025-06-03 16:27:04,Malleshwaram,0
user_0044,34809.56,12.840745932392107,77.6780537842284,2025-06-10 20:45:04,Electronic City,0
user_0035,54838.2,12.97329236941879,77.65308335568604,2025-06-10 06:42:04,Indiranagar,0
user_0037,29114.42,12.912924515061425,77.6029978641021,2025-06-16 23:10:04,BTM Layout,0
user_0076,191294.92,13.039522227232972,77.59604147320702,2025-06-05 21:45:04,Hebbal,1
user_0085,368657.24,12.97249692976534,77.7178540295169,2025-05-27 00:23:04,Marathahalli,1
user_0020,99132.79,12.961210492783508,77.70410877632246,2025-06-15 23:37:04,Marathahalli,0
user_0069,20498.12,12.960314759330922,77.7161729770016,2025-06-19 11:59:04,Marathahalli,0
user_0045,31514.7,12.978777935480656,77.56721166738498,2025-06-02 12:56:04,Rajajinagar,0
user_0071,38816.57,12.84936613287786,77.69172235133645,2025-06-18 18:56:04,Electronic City,0
user_0049,72498.12,12.970059140086342,77.70938545406369,2025-05-26 06:26:04,Marathahalli,0
user_0042,158922.07,12.915279312458038,77.57738788552969,2025-06-20 16:39:04,Jayanagar,1
user_0090,30191.67,12.925021750311883,77.60027280478324,2025-06-11 12:11:04,Jayanagar,0
user_0074,209882.25,13.018600156559081,77.57118863571083,2025-06-11 14:29:04,Malleshwaram,1
user_0030,45859.79,12.997154947020546,77.56753753653125,2025-06-03 11:36:04,Malleshwaram,0
user_0006,4997.9,12.978418885155088,77.57383716646217,2025-06-05 12:10:04,Rajajinagar,0
user_0096,39185.83,12.941906065368686,77.70682031159471,2025-05-26 06:13:04,Marathahalli,0
user_0091,40667.41,13.026538512857362,77.57200593800242,2025-06-19 08:32:04,Malleshwaram,0
user_0050,43699.59,12.923527764732635,77.61419214553831,2025-05-28 01:44:04,Koramangala,0
user_0064,105677.01,12.982143968154537,77.65589905563169,2025-06-24 09:19:04,Indiranagar,1
user_0017,96013.56,12.854520605261184,77.6924307272586,2025-06-07 13:58:04,Electronic City,0
user_0076,85422.19,12.999367790103497,77.54689514651601,2025-06-17 09:01:04,Rajajinagar,0
user_0013,66660.05,12.958345416664963,77.71168835715238,2025-05-30 12:23:04,Marathahalli,0
user_0013,1210.31,12.848449400288413,77.67116704655591,2025-06-09 02:57:04,Electronic City,0
user_0059,80475.31,12.96158471606102,77.63477369332107,2025-06-07 18:46:04,Indiranagar,0
user_0093,72886.14,12.926328687501142,77.61533990772274,2025-06-20 20:16:04,Koramangala,0
user_0053,89464.28,12.92145234679633,77.61689225005078,2025-06-23 23:42:04,Koramangala,0
user_0010,91953.1,12.939600407171012,77.71130569093677,2025-06-23 07:22:04,Marathahalli,0
user_0101,39245.82,12.899757403543841,77.59416136678976,2025-06-01 15:02:04,BTM Layout,0
user_0044,27554.79,13.031703537768522,77.59966094609385,2025-05-27 07:03:04,Hebbal,0
user_0089,84727.17,13.022798400439829,77.58659449508754,2025-06-14 02:41:04,Malleshwaram,0
user_0084,435926.63,12.953184863543267,77.7331799574159,2025-06-18 09:22:04,Whitefield,1
user_0043,86677.04,12.828286133939313,77.67312723058646,2025-05-31 19:58:04,Electronic City,0
user_0049,56332.46,12.985241925438991,77.5682399875931,2025-06-09 02:32:04,Rajajinagar,0
user_0081,272041.72,12.97208852299641,77.71604624243194,2025-05-25 23:00:04,Marathahalli,1
user_0070,78036.55,12.985613961225356,77.64280381149727,2025-06-18 12:33:04,Indiranagar,0
user_0080,25530.91,12.963730259425844,77.76269388113946,2025-05-26 09:47:04,Whitefield,0
user_0031,7115.83,12.909221326215844,77.62377555209831,2025-06-02 21:43:04,BTM Layout,0
user_0030,9505.3,12.963752830022184,77.75687722729634,2025-06-14 21:48:04,Whitefield,0
user_0056,65465.07,12.983345336342957,77.7513088127112,2025-06-13 05:45:04,Whitefield,0
user_0098,42522.82,12.965901764442648,77.75158290164168,2025-06-13 00:54:04,Whitefield,0
user_0057,59043.11,12.936011177696779,77.60845078990994,2025-06-07 06:23:04,Koramangala,0
user_0089,22612.53,12.909534865306489,77.60038528512135,2025-06-11 05:58:04,BTM Layout,0
user_0004,391738.19,12.96475619957992,77.64955044095727,2025-06-16 07:27:04,Indiranagar,1
user_0042,41594.39,12.968811862955446,77.63409841101407,2025-06-09 06:06:04,Indiranagar,0
user_0038,71262.13,12.983263552347179,77.54249933246098,2025-06-03 21:52:04,Rajajinagar,0
user_0048,99954.39,13.026672374874323,77.57866209944801,2025-06-10 19:03:04,Malleshwaram,0
user_0019,59063.78,12.920700529050842,77.590717827587,2025-06-14 08:10:04,Jayanagar,0
user_0068,2067.14,13.019312854682003,77.57251883893746,2025-06-03 08:57:04,Malleshwaram,0
user_0073,4242.23,12.930216585760705,77.64068769826561,2025-06-05 23:30:04,Koramangala,0
user_0022,12994.14,12.92087625095735,77.62499925997142,2025-06-17 02:30:04,Koramangala,0
user_0011,36928.08,13.033955446693572,77.5847126127474,2025-06-17 08:50:04,Hebbal,0
user_0049,9823.5,13.05097097373321,77.60401244782894,2025-06-08 07:49:04,Hebbal,0
user_0088,86169.09,12.908093978533625,77.57765208286553,2025-05-30 12:26:04,Jayanagar,0
user_0064,185358.13,13.053044161023033,77.60984818824316,2025-06-23 20:55:04,Hebbal,1
user_0019,72705.68,12.922669341313703,77.59557692870199,2025-06-24 16:44:04,Jayanagar,0
user_0060,48250.04,12.926913717198598,77.61854842998471,2025-06-11 05:43:04,BTM Layout,0
user_0059,2519.34,12.903064246170858,77.62082242740675,2025-05-31 17:43:04,BTM Layout,0
user_0086,84327.81,12.973725428255849,77.64123920289232,2025-06-14 22:47:04,Indiranagar,0
user_0060,53429.06,12.900443917897585,77.61027281435332,2025-05-29 09:23:04,BTM Layout,0
user_0087,86264.05,12.845926514004562,77.6919051213221,2025-06-23 12:43:04,Electronic City,0
user_0021,87934.1,12.976183870719195,77.75440555625532,2025-06-22 05:27:04,Whitefield,0
user_0057,81641.08,13.00219122152041,77.54700785220874,2025-06-10 09:06:04,Rajajinagar,0
user_0076,57174.6,12.933965971101857,77.6147123741479,2025-06-07 22:03:04,BTM Layout,0
user_0082,16281.5,13.0109606726154,77.56184712537095,2025-05-27 09:30:04,Malleshwaram,0
user_0089,35295.85,12.932275475021218,77.60759694448674,2025-06-23 19:54:04,BTM Layout,0
user_0059,60550.48,12.926825579909337,77.6023795792646,2025-06-24 04:51:04,BTM Layout,0
user_0026,68544.39,12.99858383453975,77.56522760509598,2025-06-06 17:29:04,Malleshwaram,0
user_0062,78486.18,12.955969043478394,77.76002597814828,2025-06-13 17:48:04,Whitefield,0
user_0031,60110.27,13.001194694633863,77.5614394273321,2025-06-08 21:27:04,Malleshwaram,0
user_0074,98036.87,13.008692945335191,77.5416980671138,2025-05-29 01:02:04,Rajajinagar,0
user_0074,97895.75,12.905422173080078,77.61306155784118,2025-06-23 10:30:04,BTM Layout,0
user_0090,51970.43,12.908105450924637,77.5994813671606,2025-06-05 05:08:04,BTM Layout,0
user_0003,26853.38,13.010987613280388,77.57633887745038,2025-06-20 19:43:04,Malleshwaram,0
user_0036,338144.27,12.956305715814562,77.65746750345389,2025-06-04 18:08:04,Indiranagar,1
user_0073,9206.7,12.95690072984623,77.64312356814871,2025-06-04 11:51:04,Indiranagar,0
user_0078,70379.23,12.958294053010045,77.70012293603384,2025-05-31 20:28:04,Marathahalli,0
user_0037,58355.7,12.915973851057235,77.5758547213603,2025-05-30 03:35:04,Jayanagar,0
user_0078,11706.6,12.979061391444963,77.57202653184804,2025-06-14 21:22:04,Rajajinagar,0
user_0029,88299.38,12.928156247607546,77.6010482736727,2025-06-01 04:19:04,Jayanagar,0
user_0080,40815.17,12.919588326371326,77.60120275816864,2025-05-30 00:14:04,BTM Layout,0
user_0087,95758.1,12.943334267040148,77.6287251899405,2025-06-16 16:55:04,Koramangala,0
user_0081,21466.79,12.955453805436862,77.7321817997199,2025-06-21 03:33:04,Whitefield,0
user_0081,9262.55,12.956619867193202,77.65226988536185,2025-06-19 11:44:04,Indiranagar,0
user_0040,81725.23,12.964052173616215,77.68420825807496,2025-06-23 03:12:04,Marathahalli,0
user_0005,61329.17,13.041950469383147,77.60423847336438,2025-05-31 09:06:04,Hebbal,0
user_0047,65399.41,12.943802636062218,77.60697731726167,2025-06-24 00:44:04,Koramangala,0
user_0012,21440.65,12.90136198805548,77.62491687514162,2025-05-30 04:06:04,BTM Layout,0
user_0042,42477.15,13.01542960967921,77.55440627670401,2025-06-12 14:50:04,Malleshwaram,0
user_0023,83849.18,12.920794026653773,77.59356580151908,2025-06-06 15:49:04,Jayanagar,0
user_0017,78676.95,12.842408418300993,77.6843524862583,2025-06-17 10:32:04,Electronic City,0
user_0047,52144.9,12.8479564876002,77.67298723064349,2025-06-01 14:00:04,Electronic City,0
user_0065,79971.88,12.908270396914675,77.60535942053754,2025-06-13 05:40:04,BTM Layout,0
user_0022,66646.3,12.9269557962164,77.60690502581978,2025-06-15 21:23:04,BTM Layout,0
user_0062,63795.43,12.913991039052373,77.60802956810143,2025-05-26 20:37:04,BTM Layout,0
user_0096,93628.06,13.003202459003496,77.54851831028512,2025-06-19 11:21:04,Rajajinagar,0
user_0015,2191.33,12.959251627356789,77.6985714543416,2025-06-08 15:19:04,Marathahalli,0
user_0010,2831.13,12.920979935787669,77.63402939560632,2025-06-02 19:11:04,Koramangala,0
user_0097,65517.37,12.912729450902392,77.5815644185323,2025-06-23 16:21:04,Jayanagar,0
user_0087,174259.5,13.018092851875089,77.57744830805926,2025-06-12 00:06:04,Malleshwaram,1
user_0072,44620.12,12.973768987558396,77.57129949749105,2025-06-16 05:42:04,Rajajinagar,0
user_0012,55338.02,13.003931140855366,77.58133984136599,2025-06-02 00:30:04,Malleshwaram,0
user_0002,30779.58,12.927746825163434,77.62041919758781,2025-06-23 00:27:04,BTM Layout,0
user_0069,37352.02,12.96013454379421,77.74336338604553,2025-06-11 11:00:04,Whitefield,0
user_0059,7764.08,12.986054597298805,77.55677835661302,2025-06-11 15:20:04,Rajajinagar,0
user_0087,88437.65,12.92952844249908,77.61904976049246,2025-05-28 17:51:04,BTM Layout,0
user_0075,61054.68,13.015457492521618,77.55794155876538,2025-06-05 10:52:04,Malleshwaram,0
user_0082,22959.82,13.00017121257277,77.56908008644997,2025-06-20 23:38:04,Rajajinagar,0
user_0014,78943.22,12.91279685769569,77.57879294909948,2025-06-15 03:41:04,Jayanagar,0
user_0061,166300.11,12.985353602966946,77.62756019427343,2025-06-19 21:37:04,Indiranagar,1
user_0080,58214.38,12.838892777325412,77.67948297957102,2025-06-04 10:33:04,Electronic City,0
user_0042,5773.22,13.026221743096444,77.58689383507134,2025-06-02 16:28:04,Hebbal,0
user_0029,61630.05,12.966727417188016,77.75904829094908,2025-05-29 03:42:04,Whitefield,0
user_0082,67897.85,12.944169149827223,77.70190406313789,2025-05-29 12:33:04,Marathahalli,0
user_0090,87052.7,12.917771317708684,77.59624034746591,2025-06-21 21:50:04,BTM Layout,0
user_0084,11720.39,13.007005245594625,77.58681299352327,2025-06-17 01:34:04,Malleshwaram,0
user_0015,11428.58,12.9245447345369,77.62478126356608,2025-06-13 20:08:04,Koramangala,0
user_0006,1812.4,12.984475996481471,77.64744311493169,2025-06-15 22:02:04,Indiranagar,0
user_0039,88561.98,12.962797536191275,77.69300891472153,2025-06-03 12:00:04,Marathahalli,0
user_0015,389377.74,12.983283628185838,77.73921302613103,2025-06-01 17:06:04,Whitefield,1
user_0031,214204.23,12.836444832901956,77.66419251158212,2025-06-04 01:24:04,Electronic City,1
user_0018,88255.99,12.991663700297636,77.56624735987182,2025-06-21 08:24:04,Malleshwaram,0
user_0059,1550.83,12.975895445478388,77.5695982145273,2025-05-27 05:45:04,Rajajinagar,0
user_0086,54176.1,12.850737941757238,77.67724270928538,2025-06-17 12:07:04,Electronic City,0
user_0054,45047.86,13.046748271898863,77.59460260298218,2025-06-20 07:42:04,Hebbal,0
user_0096,55905.93,12.925113921654225,77.61911335258688,2025-06-06 02:32:04,Koramangala,0
user_0054,6871.37,12.965276771170018,77.7451966462714,2025-06-05 22:21:04,Whitefield,0
user_0063,239978.63,13.031447803141639,77.60894117860259,2025-06-19 05:52:04,Hebbal,1
user_0053,37324.12,12.927572779907454,77.61993097561407,2025-06-24 08:28:04,BTM Layout,0
user_0005,6646.33,12.988835891085625,77.55773089573565,2025-06-09 18:59:04,Rajajinagar,0
user_0028,35020.3,12.965315383096085,77.68440912644604,2025-06-16 18:41:04,Marathahalli,0
user_0057,71323.59,12.913103820037865,77.58280811531172,2025-05-31 05:52:04,Jayanagar,0
user_0047,74997.78,12.979123074636536,77.75340109210775,2025-06-05 08:11:04,Whitefield,0
user_0088,88912.79,12.996270858534357,77.54362078255869,2025-06-09 08:38:04,Rajajinagar,0
user_0070,71639.71,12.987399531272686,77.55918936703276,2025-06-02 00:37:04,Rajajinagar,0
user_0008,59977.13,13.006491922265516,77.5841968833832,2025-06-17 10:33:04,Malleshwaram,0
user_0036,18792.04,12.928051102348318,77.58059821914993,2025-06-05 22:02:04,Jayanagar,0
user_0016,45077.63,12.966675367587076,77.69368183925832,2025-06-19 14:53:04,Marathahalli,0
user_0012,26406.2,12.929914388523725,77.58747610090722,2025-06-16 07:52:04,Jayanagar,0
user_0083,19092.66,13.039234351925314,77.58851837934866,2025-06-24 04:16:04,Hebbal,0
user_0003,81493.97,12.98100004796147,77.62994675335828,2025-06-08 03:07:04,Indiranagar,0
user_0101,379579.83,12.978909301016875,77.54581012203434,2025-06-24 16:15:04,Rajajinagar,1
user_0032,26400.43,12.948864352165812,77.6152530336295,2025-06-14 05:50:04,Koramangala,0
user_0101,3897.93,13.046026032036657,77.59444089844472,2025-06-01 14:01:04,Hebbal,0
user_0027,51420.1,12.984249041286143,77.76777955580175,2025-06-02 05:48:04,Whitefield,0
user_0098,84487.13,12.849468959275427,77.68305361642453,2025-06-23 04:00:04,Electronic City,0
user_0027,82665.21,13.029552765745079,77.60594356439815,2025-06-17 23:11:04,Hebbal,0
user_0028,85802.33,12.923768495611645,77.59636440715757,2025-05-29 23:10:04,Jayanagar,0
user_0043,31810.44,12.917990122131966,77.61947033611321,2025-05-31 02:00:04,Koramangala,0
user_0101,56618.07,13.020672873746152,77.59023230155738,2025-06-14 20:44:04,Hebbal,0
user_0001,106860.9,12.921059210265371,77.61955234682887,2025-06-01 10:11:04,BTM Layout,1
user_0019,434848.01,12.917374636427184,77.64029869347236,2025-06-12 13:36:04,Koramangala,1
user_0070,40233.5,12.901080300194154,77.61508458521773,2025-06-17 08:02:04,BTM Layout,0
user_0023,67612.54,12.96580830528619,77.7401297463958,2025-06-01 15:58:04,Whitefield,0
user_0085,92818.21,12.966968862834575,77.64547124535922,2025-06-20 19:57:04,Indiranagar,0
user_0017,46928.52,12.988937582265512,77.64658770917865,2025-06-09 10:14:04,Indiranagar,0
user_0046,71510.02,12.925144279769238,77.60998741236688,2025-06-14 22:26:04,Jayanagar,0
user_0076,36243.13,12.986927842105311,77.57191682834804,2025-05-28 07:33:04,Rajajinagar,0
user_0003,50035.94,12.94230399300511,77.62985635880247,2025-06-24 10:08:04,Koramangala,0
user_0034,15620.66,12.975178454635655,77.62964526163205,2025-06-19 23:16:04,Indiranagar,0
user_0017,45517.2,13.007503101631265,77.5856709691946,2025-06-08 12:28:04,Malleshwaram,0
user_0068,374158.45,12.97375306036586,77.75709421872511,2025-06-16 08:26:04,Whitefield,1
user_0096,80281.09,12.974810167888826,77.76624360712978,2025-06-22 22:48:04,Whitefield,0
user_0061,58449.98,12.947964415291025,77.71708225269235,2025-06-07 02:18:04,Marathahalli,0
user_0100,59284.02,12.994890370470982,77.56330234976065,2025-06-09 05:39:04,Rajajinagar,0
user_0066,192318.63,13.039650340740184,77.61072875695999,2025-06-02 06:34:04,Hebbal,1
user_0014,65904.54,12.956056781979024,77.71905989099055,2025-06-11 15:48:04,Marathahalli,0
user_0065,37544.11,12.917307010772149,77.60470595720192,2025-05-27 22:28:04,Jayanagar,0
user_0079,3002.6,12.97601911832788,77.65825883312306,2025-06-13 02:50:04,Indiranagar,0
user_0094,84738.79,12.82479232160403,77.67010475972704,2025-06-22 04:13:04,Electronic City,0
user_0039,39596.16,12.970122273991228,77.69491086355036,2025-05-30 21:15:04,Marathahalli,0
user_0083,78940.94,12.961178129785587,77.63144741538875,2025-06-12 16:20:04,Indiranagar,0
user_0008,26856.22,12.944017696904291,77.68918920949737,2025-06-02 20:11:04,Marathahalli,0
user_0052,75929.25,12.995305640310356,77.55179571701127,2025-06-15 00:19:04,Malleshwaram,0
user_0088,20727.3,12.959699343797888,77.73262147080105,2025-06-07 02:59:04,Whitefield,0
user_0063,36559.57,12.940236570890791,77.69146781764559,2025-06-12 17:18:04,Marathahalli,0
user_0010,14692.19,12.95453801641439,77.76743978744148,2025-05-28 20:11:04,Whitefield,0
user_0042,9858.29,13.043247766979377,77.6012241011127,2025-06-08 04:52:04,Hebbal,0
user_0019,47849.61,12.969998513887923,77.73707401030678,2025-06-01 04:01:04,Whitefield,0
user_0017,27364.04,12.9015467504244,77.60864356962932,2025-05-29 06:28:04,BTM Layout,0
user_0080,82238.12,13.027941226771341,77.5920922393204,2025-06-17 15:13:04,Hebbal,0
user_0071,34706.24,13.009221545260514,77.56191717884943,2025-06-05 08:40:04,Rajajinagar,0
user_0049,4496.14,13.038054241487318,77.60655532716456,2025-06-10 03:00:04,Hebbal,0
user_0068,1582.32,12.916217749095734,77.61880780006616,2025-05-28 02:46:04,BTM Layout,0
user_0059,48318.09,12.843896669720692,77.6617986207156,2025-06-12 14:00:04,Electronic City,0
user_0078,12323.26,13.018657548060355,77.5560225955987,2025-06-01 22:24:04,Malleshwaram,0
user_0013,95144.48,12.970165707403831,77.75841314631113,2025-06-23 22:46:04,Whitefield,0
user_0084,86960.61,12.828464026154869,77.67749773937935,2025-06-10 09:09:04,Electronic City,0
user_0093,66166.73,12.91172625545201,77.60658210630967,2025-06-14 12:37:04,Jayanagar,0
user_0056,85426.08,12.952632676893986,77.71642939743548,2025-06-04 00:46:04,Marathahalli,0
user_0030,57661.4,13.011767944862598,77.55663517559157,2025-06-11 20:20:04,Malleshwaram,0
user_0044,79773.23,12.970197665046737,77.69604343515945,2025-06-10 07:52:04,Marathahalli,0
user_0052,57322.32,12.997492725770464,77.57572575187072,2025-06-16 09:58:04,Malleshwaram,0
user_0094,21820.75,12.970591099224452,77.75310479549353,2025-06-17 04:17:04,Whitefield,0
user_0041,62347.78,13.01974395723276,77.57408843009337,2025-06-22 17:53:04,Malleshwaram,0
user_0041,15204.86,12.911238536481038,77.59546131626152,2025-06-22 01:30:04,BTM Layout,0
user_0048,92073.97,12.951223990348508,77.62846185796742,2025-06-10 12:30:04,Koramangala,0
user_0088,78581.26,12.938213881495379,77.71172040670555,2025-06-07 19:32:04,Marathahalli,0
user_0009,61525.37,12.96727694465301,77.75339227713681,2025-06-17 04:21:04,Whitefield,0
user_0011,76944.89,12.977299885942363,77.74902388533373,2025-05-31 20:14:04,Whitefield,0
user_0056,76289.33,12.975082898881032,77.74005283547412,2025-06-15 04:20:04,Whitefield,0
user_0096,46833.02,12.991545969175702,77.53979254089452,2025-05-30 16:15:04,Rajajinagar,0
user_0017,320464.43,12.853637243446354,77.69348822679925,2025-06-03 06:31:04,Electronic City,1
user_0008,75373.41,13.026339767810892,77.58076988732752,2025-06-22 04:27:04,Hebbal,0
user_0072,11159.3,12.830309900906915,77.66383409190469,2025-06-05 16:51:04,Electronic City,0
user_0043,80144.58,12.953782884065195,77.75236720354984,2025-06-13 15:57:04,Whitefield,0
user_0053,21078.14,13.00434660910856,77.56807444848486,2025-05-26 20:46:04,Rajajinagar,0
user_0086,36588.58,13.01818832453985,77.56701756414765,2025-06-07 19:34:04,Malleshwaram,0
user_0093,213121.17,12.966017432270748,77.62426680620581,2025-06-15 07:36:04,Indiranagar,1
user_0037,66786.79,13.04074034957926,77.60050603316589,2025-05-31 18:16:04,Hebbal,0
user_0040,19230.99,13.0040444769375,77.572113926591,2025-06-24 02:07:04,Rajajinagar,0
user_0014,73906.7,13.052497669205263,77.57935259444812,2025-06-16 12:39:04,Hebbal,0
user_0065,70624.62,12.922680893349785,77.60441192136409,2025-05-29 08:04:04,Jayanagar,0
user_0020,14225.52,12.953938671587162,77.69328913608052,2025-06-03 17:07:04,Marathahalli,0
user_0029,83457.18,12.985619690885981,77.74819959330489,2025-06-15 14:43:04,Whitefield,0
user_0045,16488.48,12.84163109312169,77.66300440616239,2025-06-13 07:31:04,Electronic City,0
user_0048,44671.45,12.958606970013868,77.73206311901296,2025-06-02 22:17:04,Whitefield,0
user_0098,461906.63,12.925748399376934,77.61290688694393,2025-05-26 17:43:04,BTM Layout,1
user_0074,81740.78,12.908985784565063,77.57602983647638,2025-06-11 02:40:04,Jayanagar,0
user_0055,66352.36,12.846024164629629,77.68843360356807,2025-06-13 22:57:04,Electronic City,0
user_0099,75746.44,13.028551608477803,77.58283989832627,2025-06-10 12:52:04,Hebbal,0
user_0079,72971.19,12.832510184535625,77.67307595026234,2025-06-10 16:24:04,Electronic City,0
user_0004,11989.11,13.035288916357212,77.58319544272163,2025-06-20 05:49:04,Hebbal,0
user_0085,94989.97,12.92006241280138,77.60771599722001,2025-06-11 09:49:04,BTM Layout,0
user_0004,11658.31,12.929979518837975,77.60811258338806,2025-06-13 12:38:04,Koramangala,0
user_0035,1517.69,12.90239651300461,77.6235421403254,2025-06-07 09:13:04,BTM Layout,0
user_0044,69968.99,12.985258367778659,77.53837157058145,2025-06-17 14:41:04,Rajajinagar,0
user_0001,80098.07,12.920740079527304,77.6092085082488,2025-05-31 15:18:04,Koramangala,0
user_0019,9216.8,13.025936045074472,77.61125938606123,2025-06-10 17:02:04,Hebbal,0
user_0085,69970.52,13.01491955454872,77.57066367120547,2025-06-22 19:52:04,Malleshwaram,0
user_0009,169010.38,12.927861535622101,77.64029516139284,2025-06-03 12:35:04,Koramangala,1
user_0095,98356.72,12.988526977758486,77.63872194125375,2025-05-26 22:44:04,Indiranagar,0
user_0012,5034.95,12.821163964394625,77.67644996343141,2025-06-23 17:11:04,Electronic City,0
user_0028,98943.18,13.000293986243246,77.57229754069711,2025-06-11 18:02:04,Malleshwaram,0
user_0054,82355.22,12.940736571568989,77.71616609661955,2025-06-18 06:34:04,Marathahalli,0
user_0044,15830.39,12.937265245957272,77.61210489410234,2025-05-29 20:26:04,Koramangala,0
user_0048,35833.47,12.928884998573078,77.60005454761968,2025-06-10 07:10:04,BTM Layout,0
user_0093,80840.57,12.983419185745632,77.54534222554638,2025-06-17 21:30:04,Rajajinagar,0
user_0100,371679.98,13.036937735231954,77.5801588850733,2025-06-24 12:52:04,Hebbal,1
user_0077,40774.81,12.975355320875174,77.75419690205598,2025-05-26 21:09:04,Whitefield,0
user_0007,92810.18,12.92579973136701,77.62494325574367,2025-06-14 14:19:04,Koramangala,0
user_0021,4404.04,13.020549659398718,77.59176274612558,2025-06-06 00:56:04,Hebbal,0
user_0007,40320.78,12.981139495665223,77.75392994667038,2025-06-17 16:15:04,Whitefield,0
user_0035,25533.64,12.953986135008876,77.71091003286999,2025-05-29 11:06:04,Marathahalli,0
user_0085,53778.29,12.993708401428513,77.56572556091645,2025-05-31 16:54:04,Malleshwaram,0
user_0063,15681.27,13.050475637634465,77.58461382737116,2025-06-21 11:11:04,Hebbal,0
user_0057,51827.62,13.011255513991893,77.5598200229325,2025-06-21 03:05:04,Malleshwaram,0
user_0035,73148.64,12.918263068290564,77.60592607173399,2025-06-14 17:22:04,Jayanagar,0
user_0097,285845.8,12.843079796643673,77.68027822178144,2025-05-30 03:32:04,Electronic City,1
user_0015,75239.79,12.997894164728947,77.553421906445,2025-06-02 20:57:04,Rajajinagar,0
user_0056,82447.15,12.9817974672279,77.75135212727172,2025-06-11 13:24:04,Whitefield,0
user_0037,43130.17,13.050757143514135,77.58803312675849,2025-06-22 14:54:04,Hebbal,0
user_0063,48402.06,12.831297956089712,77.67823215137366,2025-06-21 15:46:04,Electronic City,0
user_0086,3926.94,12.924270125976973,77.61718811212386,2025-06-22 05:36:04,BTM Layout,0
user_0006,23389.69,12.919443463005782,77.59996551917428,2025-05-26 16:40:04,Jayanagar,0
user_0051,94675.62,13.031556837909097,77.60130066501394,2025-06-10 15:03:04,Hebbal,0
user_0008,78018.93,12.975330767801843,77.64694796330275,2025-06-15 07:14:04,Indiranagar,0
user_0027,12038.76,12.905720559161093,77.59444926545909,2025-06-02 14:42:04,BTM Layout,0
user_0028,41984.87,12.936874181683896,77.62151597904737,2025-05-31 00:39:04,Koramangala,0
user_0098,17093.64,12.91451900095566,77.62081030892176,2025-05-31 09:15:04,BTM Layout,0
user_0038,69040.57,12.974079909211985,77.56182770027546,2025-06-20 02:36:04,Rajajinagar,0
user_0016,16301.91,12.962050244235485,77.65309733272065,2025-06-17 15:20:04,Indiranagar,0
user_0064,30460.24,12.999523431126677,77.58277601888098,2025-06-10 19:22:04,Malleshwaram,0
user_0023,41962.74,12.924882815912444,77.62161726393086,2025-05-28 18:13:04,Koramangala,0
user_0049,443182.18,12.841200086209462,77.6579892805978,2025-06-19 00:00:04,Electronic City,1
user_0091,30643.28,12.932124911983903,77.58890316306345,2025-06-08 23:07:04,Jayanagar,0
user_0065,625.75,12.839474520402943,77.67798096023238,2025-06-21 09:36:04,Electronic City,0
user_0086,13196.53,12.980489104303844,77.54134040070495,2025-06-16 08:13:04,Rajajinagar,0
user_0010,16333.66,12.999328975531911,77.58093442566535,2025-06-13 02:50:04,Malleshwaram,0
user_0095,9536.09,12.955403934701245,77.64575700971808,2025-06-22 20:15:04,Indiranagar,0
user_0056,27974.6,12.955430408972296,77.64093100471042,2025-06-24 01:24:04,Indiranagar,0
user_0059,33440.12,12.970878940069557,77.7376970219239,2025-06-13 20:28:04,Whitefield,0
user_0041,80543.23,13.023327924493469,77.58436034125194,2025-06-08 05:56:04,Hebbal,0
user_0055,36107.47,13.02230686769864,77.58515477325483,2025-05-31 00:05:04,Hebbal,0
user_0052,58483.86,13.016304997914881,77.55845262497141,2025-05-31 19:20:04,Malleshwaram,0
user_0038,25982.81,12.963937331681125,77.74312205064997,2025-05-31 06:29:04,Whitefield,0
user_0052,144455.75,12.96224978685334,77.64741203038889,2025-06-15 04:37:04,Indiranagar,1
user_0042,67309.21,12.920987082737897,77.60811422139146,2025-05-27 02:31:04,Koramangala,0
user_0080,53515.23,12.962171921629878,77.69363491682817,2025-06-01 20:53:04,Marathahalli,0
user_0089,497032.73,12.97770829361443,77.54407429832214,2025-06-17 14:44:04,Rajajinagar,1
user_0012,76167.59,13.022392848482085,77.56191223501332,2025-06-17 19:50:04,Malleshwaram,0
user_0014,61939.0,12.922386899246497,77.58768413216224,2025-06-24 00:17:04,Jayanagar,0
user_0056,85057.45,13.018629999798707,77.59446388698727,2025-06-08 06:05:04,Hebbal,0
user_0052,12917.44,12.841918636598727,77.67645047016767,2025-06-06 07:51:04,Electronic City,0
user_0011,47095.01,12.998209332628418,77.57498083105881,2025-06-12 11:43:04,Malleshwaram,0
user_0040,79146.35,13.004673419213413,77.541688021339,2025-06-03 18:25:04,Rajajinagar,0
user_0029,491660.64,13.004000440519963,77.54966952711176,2025-06-19 14:40:04,Rajajinagar,1
user_0100,59424.18,12.944779424837295,77.60667675400622,2025-06-22 17:29:04,Koramangala,0
user_0010,251240.93,12.847878606519394,77.66573594342354,2025-05-30 09:03:04,Electronic City,1
user_0082,23333.28,12.975606871294728,77.75538595867144,2025-05-26 18:54:04,Whitefield,0
user_0068,65042.52,12.84201971053229,77.68819266328741,2025-06-01 04:30:04,Electronic City,0
user_0025,393660.77,12.980092879320729,77.55939249955878,2025-05-25 20:09:04,Rajajinagar,1
user_0045,12638.64,12.920122476396571,77.61580059787873,2025-06-07 09:21:04,Koramangala,0
user_0031,352550.5,12.976028725531117,77.7579812442342,2025-06-04 16:26:04,Whitefield,1
user_0019,63341.17,12.912920150470525,77.62112626669793,2025-06-21 05:01:04,BTM Layout,0
user_0026,16590.1,12.930254183798167,77.62618275056923,2025-06-13 05:55:04,Koramangala,0
user_0078,12748.57,12.95023668708388,77.62113389323818,2025-06-10 03:05:04,Koramangala,0
user_0098,385887.82,12.977974372290026,77.76016197051621,2025-06-15 06:47:04,Whitefield,1
user_0023,60548.13,12.962355353797214,77.70837326783405,2025-05-26 14:19:04,Marathahalli,0
user_0060,29582.41,13.02758214628462,77.58683392359015,2025-06-19 05:34:04,Hebbal,0
user_0098,63371.16,13.033723118309997,77.5805124291624,2025-06-20 22:37:04,Hebbal,0
user_0058,90270.55,13.030132645961366,77.58383157719294,2025-06-11 19:10:04,Hebbal,0
user_0083,432607.5,13.035762923132028,77.59045088437425,2025-06-20 05:00:04,Hebbal,1
user_0042,64490.29,12.984248932290244,77.57009729993021,2025-06-09 06:24:04,Rajajinagar,0
user_0020,229091.31,12.947152480418676,77.68434675566809,2025-06-10 06:23:04,Marathahalli,1
user_0009,85115.07,12.967661492641376,77.7162707347653,2025-06-09 00:00:04,Marathahalli,0
user_0057,81225.81,12.912274921764519,77.61396073084265,2025-05-27 15:56:04,BTM Layout,0
user_0036,24029.91,13.035080986569733,77.58395551304577,2025-05-26 11:48:04,Hebbal,0
user_0008,431889.32,12.9894857137624,77.5571485321263,2025-06-15 21:25:04,Rajajinagar,1
user_0065,99556.89,12.981060317875466,77.74366364051663,2025-05-31 16:24:04,Whitefield,0
user_0040,40270.37,12.968956987276322,77.70522617553377,2025-06-04 23:26:04,Marathahalli,0
user_0058,36467.07,12.974428558855111,77.64817016677681,2025-06-05 20:06:04,Indiranagar,0
user_0008,75347.21,12.991498522232966,77.56429726809115,2025-06-13 06:32:04,Rajajinagar,0
user_0037,18663.99,12.979439597498763,77.74296413677443,2025-05-28 15:59:04,Whitefield,0
user_0083,79650.85,12.959927322406797,77.7517396739926,2025-06-17 13:28:04,Whitefield,0
user_0079,28226.25,13.027794420295733,77.60678421845039,2025-06-01 20:32:04,Hebbal,0
user_0065,83241.72,13.012284240860275,77.57109801396881,2025-05-28 11:52:04,Malleshwaram,0
user_0060,63777.41,13.019280322877355,77.5969326105783,2025-06-13 18:56:04,Hebbal,0
user_0071,25231.19,12.977111699392355,77.62872863098316,2025-06-21 11:01:04,Indiranagar,0
user_0058,54477.22,13.044096278117378,77.59212873766513,2025-06-03 10:47:04,Hebbal,0
user_0084,46618.16,12.932222767537173,77.60354584580448,2025-05-26 00:34:04,Jayanagar,0
user_0042,94157.69,13.01853636460637,77.59036119463961,2025-06-09 14:14:04,Hebbal,0
user_0061,406611.16,12.831101531783137,77.692412523119,2025-06-10 12:21:04,Electronic City,1
user_0020,93064.25,12.969948960819341,77.63803890911105,2025-06-14 20:36:04,Indiranagar,0
user_0058,25087.91,12.963240812660912,77.752773195176,2025-05-26 19:48:04,Whitefield,0
user_0044,81576.94,12.964009198821966,77.75011375330881,2025-06-02 09:34:04,Whitefield,0
user_0065,65810.22,12.921013956661197,77.61059513402917,2025-06-01 20:58:04,Koramangala,0
user_0006,87265.51,12.942506498048656,77.57578870371786,2025-06-14 20:51:04,Jayanagar,0
user_0091,61642.82,12.952286413439072,77.70029218506235,2025-05-27 04:55:04,Marathahalli,0
user_0057,73049.25,12.85458075419311,77.66303900231964,2025-05-26 01:46:04,Electronic City,0
user_0067,60180.67,13.032249073120326,77.59116520394112,2025-06-16 18:49:04,Hebbal,0
user_0021,256697.59,12.974854461282858,77.56032319152699,2025-06-18 11:37:04,Rajajinagar,1
user_0048,21491.65,12.92003170207998,77.62350227247858,2025-06-17 15:48:04,BTM Layout,0
user_0050,34548.09,13.001829474761324,77.57058001228907,2025-06-16 07:36:04,Malleshwaram,0
user_0100,59277.09,13.00514934233488,77.55810278612843,2025-06-24 11:11:04,Rajajinagar,0
user_0087,37154.65,13.020687041627733,77.61284030951441,2025-06-10 07:18:04,Hebbal,0
user_0007,58662.39,12.980716972063304,77.54933370711267,2025-05-30 11:35:04,Rajajinagar,0
user_0009,91578.82,13.001715119281055,77.54796645944913,2025-06-03 15:19:04,Rajajinagar,0
user_0013,12434.58,12.855170819805572,77.66396589272874,2025-06-17 19:45:04,Electronic City,0
user_0087,4028.55,13.009786785556672,77.57240613426701,2025-06-07 17:44:04,Malleshwaram,0
user_0037,67225.07,12.903956426159992,77.62040361355709,2025-06-23 08:58:04,BTM Layout,0
user_0093,34184.73,13.020885842849141,77.60832925330698,2025-06-12 13:25:04,Hebbal,0
user_0020,13217.97,12.99547756739886,77.53885081778049,2025-06-07 13:32:04,Rajajinagar,0
user_0011,150839.37,13.04488571890247,77.61161401217761,2025-06-06 12:31:04,Hebbal,1
user_0085,19688.79,12.94696002922343,77.62767118787133,2025-06-13 18:56:04,Koramangala,0
user_0045,79978.34,12.928345308416217,77.61483725378677,2025-06-12 10:01:04,BTM Layout,0
user_0084,59856.3,13.000097288182282,77.58269972742279,2025-06-18 00:36:04,Malleshwaram,0
user_0017,41512.49,13.040327956375759,77.59958045583721,2025-06-16 03:52:04,Hebbal,0
user_0091,5958.71,12.980169087866752,77.74209329977985,2025-06-11 12:20:04,Whitefield,0
user_0040,54299.81,12.836103917290162,77.66346907237472,2025-05-27 09:56:04,Electronic City,0
user_0049,20229.39,12.99503186008392,77.55185955325489,2025-06-14 04:28:04,Rajajinagar,0
user_0017,95241.53,12.833976003618128,77.68782149938994,2025-06-11 06:16:04,Electronic City,0
user_0012,302279.19,12.993746150590194,77.5721618324208,2025-06-04 14:16:04,Malleshwaram,1
user_0066,87803.35,13.008069045780355,77.53973675129369,2025-06-20 07:41:04,Rajajinagar,0
user_0003,117627.3,13.0060140103771,77.55689729681895,2025-06-11 00:18:04,Rajajinagar,1
user_0040,33039.15,12.933552374659092,77.62275461573353,2025-06-17 23:41:04,Koramangala,0
user_0028,98403.15,12.977924640695457,77.55666888968165,2025-06-06 13:19:04,Rajajinagar,0
user_0099,35813.97,12.962873020364441,77.71014454854978,2025-06-14 17:52:04,Marathahalli,0
user_0025,471220.77,12.931212245506261,77.58190351691547,2025-06-05 20:57:04,Jayanagar,1
user_0018,232459.26,12.932089321765234,77.63001253772642,2025-06-10 12:28:04,Koramangala,1
user_0010,2221.85,12.900074886083582,77.62695775631165,2025-06-09 21:45:04,BTM Layout,0
user_0101,96315.9,12.965949446107892,77.74041978356384,2025-06-02 10:28:04,Whitefield,0
user_0065,171613.48,12.84459804703365,77.67729113066615,2025-06-11 10:17:04,Electronic City,1
user_0095,92243.43,12.830293722999565,77.67019235508363,2025-05-28 02:54:04,Electronic City,0
user_0005,99251.46,12.998249389642613,77.57263480385751,2025-05-29 07:02:04,Rajajinagar,0
user_0099,48987.05,13.044437221541013,77.60104597353852,2025-06-10 04:56:04,Hebbal,0
user_0017,177910.2,13.027607230533784,77.60534458088507,2025-06-10 07:00:04,Hebbal,1
user_0049,52188.43,12.951675566252945,77.63855902895304,2025-06-21 03:22:04,Koramangala,0
user_0021,45964.46,12.935906727055965,77.6423928399567,2025-06-13 17:01:04,Koramangala,0
user_0089,370182.74,13.053604744311553,77.5793812091025,2025-06-10 06:55:04,Hebbal,1
user_0022,57178.93,12.970668178753694,77.71961289282261,2025-06-22 20:17:04,Marathahalli,0
user_0006,35543.93,13.016433352118352,77.57270793120652,2025-06-02 20:00:04,Malleshwaram,0
user_0047,34985.44,12.930618137408953,77.5829464526464,2025-06-11 03:38:04,Jayanagar,0
user_0057,22460.24,13.044530500621704,77.57989005747102,2025-06-22 14:59:04,Hebbal,0
user_0037,78021.26,12.963183404189284,77.6957940901732,2025-06-11 18:47:04,Marathahalli,0
user_0030,41240.31,12.846669376078912,77.67956785304635,2025-06-23 00:38:04,Electronic City,0
user_0031,13318.21,12.913684665690706,77.61367835268491,2025-06-16 11:17:04,BTM Layout,0
user_0101,28818.45,12.952955461731966,77.71660324646396,2025-05-26 07:37:04,Marathahalli,0
user_0025,9130.88,12.994556858065074,77.57190898153175,2025-05-26 14:40:04,Rajajinagar,0
user_0087,47164.95,13.018896608338506,77.60472663428722,2025-06-05 03:47:04,Hebbal,0
user_0057,12537.53,12.947911227644715,77.7017025630674,2025-06-09 04:39:04,Marathahalli,0
user_0099,335237.87,12.92009352156444,77.62127697621477,2025-06-03 13:31:04,BTM Layout,1
user_0100,74985.99,13.000397971226965,77.56328093544985,2025-06-20 22:00:04,Malleshwaram,0
user_0065,18117.19,12.834046218973242,77.67329352002056,2025-06-23 19:16:04,Electronic City,0
user_0054,58965.35,12.939359307380931,77.60942161894094,2025-05-28 00:53:04,Koramangala,0
user_0026,168732.61,13.025493501935074,77.58919042895468,2025-05-25 22:58:04,Hebbal,1
user_0018,81186.61,12.912544190844056,77.62319837459145,2025-06-03 11:24:04,BTM Layout,0
user_0007,29353.48,12.938707670232406,77.68942373713561,2025-06-05 11:22:04,Marathahalli,0
user_0048,45851.86,12.849288930449784,77.68950681064855,2025-06-24 06:31:04,Electronic City,0
user_0014,1894.54,12.84613360219571,77.66793229582721,2025-06-19 09:50:04,Electronic City,0
user_0016,4922.09,12.900640258139477,77.59704161205039,2025-06-19 14:05:04,BTM Layout,0
user_0011,461289.55,12.948140964239528,77.6245020994303,2025-06-08 06:09:04,Koramangala,1
user_0035,23906.64,12.965369569187823,77.69514677567237,2025-06-07 16:50:04,Marathahalli,0
user_0066,20969.03,12.920199096859292,77.62038971210583,2025-06-15 05:40:04,Koramangala,0
user_0056,88628.82,12.976706509977172,77.7666797828925,2025-06-12 22:20:04,Whitefield,0
user_0029,13071.73,12.972764311298945,77.69931203386908,2025-06-19 18:01:04,Marathahalli,0
user_0045,72611.13,12.964832062579069,77.6385861811952,2025-06-16 12:08:04,Indiranagar,0
user_0054,74521.47,12.967934434201409,77.62342755668108,2025-06-21 07:04:04,Indiranagar,0
user_0051,92151.34,12.852947844844577,77.67092368236702,2025-06-10 07:55:04,Electronic City,0
user_0048,89699.53,12.912140949831034,77.5994834647667,2025-05-28 16:04:04,Jayanagar,0
user_0050,2556.98,12.954031759541541,77.74940175330107,2025-06-06 02:50:04,Whitefield,0
user_0048,24853.98,12.928602445342742,77.59328276992196,2025-06-17 21:51:04,Jayanagar,0
user_0004,92620.52,13.004373186932245,77.56553697118504,2025-06-01 08:20:04,Rajajinagar,0
user_0013,376129.45,13.004232584380498,77.5498075701749,2025-06-20 09:40:04,Rajajinagar,1
user_0019,367743.12,12.935580915629856,77.61080461051283,2025-06-17 11:28:04,Koramangala,1
user_0005,80239.6,12.914632775535344,77.59511821179885,2025-06-20 11:57:04,BTM Layout,0
user_0061,23562.29,12.946441305752716,77.64056305233247,2025-06-21 09:36:04,Koramangala,0
user_0098,85850.65,12.973533805914032,77.70542576529174,2025-06-14 05:38:04,Marathahalli,0
user_0058,358735.24,13.028850293625377,77.60996142648938,2025-06-10 18:45:04,Hebbal,1
user_0001,21771.25,12.96559809517327,77.73794607526153,2025-06-18 11:00:04,Whitefield,0
user_0003,54890.96,12.913061013877817,77.612904611586,2025-06-18 15:37:04,BTM Layout,0
user_0028,47720.01,12.947045368786235,77.63637613389848,2025-06-16 16:43:04,Koramangala,0
user_0071,10540.14,13.034675311009254,77.60441028455384,2025-06-19 01:11:04,Hebbal,0
user_0068,14199.43,13.005876685924546,77.58342361664722,2025-05-28 22:01:04,Malleshwaram,0
user_0015,484566.69,12.929662937203661,77.6004810022303,2025-05-28 14:36:04,BTM Layout,1
user_0031,62962.83,12.90933053889132,77.62002811880069,2025-06-09 22:06:04,BTM Layout,0
user_0016,13925.41,12.986429359490662,77.63116458638245,2025-06-13 23:57:04,Indiranagar,0
user_0031,202256.38,13.003581679922503,77.57024031846144,2025-06-06 02:21:04,Malleshwaram,1
user_0082,87991.46,13.036079561736525,77.5839683457557,2025-06-22 04:43:04,Hebbal,0
user_0059,24997.29,12.975679144107215,77.75333662595159,2025-06-15 07:50:04,Whitefield,0
user_0015,42219.22,12.970236274018012,77.71462945834944,2025-06-14 15:52:04,Marathahalli,0
user_0077,13736.17,12.821841912204757,77.69112519189154,2025-05-27 01:37:04,Electronic City,0
user_0003,74636.29,12.856064304578426,77.67326710917682,2025-06-17 07:06:04,Electronic City,0
user_0074,34501.68,12.91434205788715,77.59087009525506,2025-06-05 12:06:04,Jayanagar,0
user_0092,22.7,12.93566772431787,77.61662226962783,2025-05-31 05:11:04,Koramangala,0
user_0038,75284.87,13.022756485703407,77.57752827389628,2025-05-31 00:45:04,Malleshwaram,0
user_0001,70556.27,13.03624658813449,77.59155250116967,2025-05-27 23:51:04,Hebbal,0
user_0046,62133.06,12.910967697256691,77.57706451282186,2025-06-17 15:13:04,Jayanagar,0
user_0074,23272.83,12.998024336183637,77.55288586833689,2025-06-20 15:37:04,Malleshwaram,0
user_0024,80240.18,12.96778859123886,77.75622745129972,2025-06-20 11:22:04,Whitefield,0
user_0068,86144.57,12.997683342087889,77.53912513484022,2025-06-01 10:12:04,Rajajinagar,0
